n_rep,depth,unbalanced,signal,method,raw_fpr05,raw_fpr001,tp,fp,fdp,recall,average_precision,median_phi
3,20,False,False,eb,0.03758,0.0027,0,39,1.0,,,2.670874864753581
3,20,False,False,site,0.03812,7e-05,0,0,0.0,,,1.0028944360903407
3,20,False,False,bb_eb,0.00941,0.0,0,0,0.0,,,1.8832986881499978
3,20,False,True,eb,0.037430940621559654,0.002393721782868224,4,10,0.7142857142857143,0.004036326942482341,0.07413444870261343,2.731229796432465
3,20,False,True,site,0.039248957165510204,3.0300275732509167e-05,0,0,0.0,0.0,0.07185190698010221,1.0264187978474075
3,20,False,True,bb_eb,0.008817380238160167,0.0,0,0,0.0,0.0,0.09478126819189349,1.9392435983918437
5,20,False,False,eb,0.0398,0.00221,0,12,1.0,,,2.474146508953341
5,20,False,False,site,0.0588,0.00303,0,0,0.0,,,1.258318343876243
5,20,False,False,bb_eb,0.0307,5e-05,0,0,0.0,,,1.7683799923410364
5,20,False,True,eb,0.040132663275933546,0.002194202048596014,21,25,0.5434782608695652,0.019038984587488667,0.1933190240756911,2.464198001055535
5,20,False,True,site,0.05846486748839702,0.0029727898722913737,0,0,0.0,0.0,0.16838764791196262,1.2639124503143009
5,20,False,True,bb_eb,0.03170975863777466,7.078071124503271e-05,0,0,0.0,0.0,0.29861979451855425,1.7667256297844354
5,20,True,False,eb,0.06586,0.00504,0,140,1.0,,,2.2644431097575106
5,20,True,False,site,0.07661,0.00403,0,0,0.0,,,1.1253842002047725
5,20,True,False,bb_eb,0.03614,0.00013,0,0,0.0,,,2.1091442004374343
5,20,True,True,eb,0.0659372882898369,0.005237772632132421,52,210,0.8015267175572519,0.0471441523118767,0.11758361189459052,2.262769440944869
5,20,True,True,site,0.07692852159317269,0.004155838903101206,0,0,0.0,0.0,0.12041575950086733,1.1237942861731263
5,20,True,True,bb_eb,0.03590604366158731,0.00015167295266792723,0,0,0.0,0.0,0.19352278767236408,2.114708979466806
5,60,True,False,eb,0.07111,0.00555,0,224,1.0,,,3.834514426024675
5,60,True,False,site,0.10509,0.01152,0,783,1.0,,,1.7397348993583748
5,60,True,False,bb_eb,0.03767,0.00012,0,0,0.0,,,3.8519590276577347
5,60,True,True,eb,0.07172940380361778,0.005847835089030512,99,273,0.7338709677419355,0.10010111223458039,0.18558318078540548,3.7818856167458947
5,60,True,True,site,0.10729110906868934,0.011241175222955025,267,873,0.7657894736842106,0.2699696663296259,0.15909169974256293,1.7366605763911085
5,60,True,True,bb_eb,0.03839977376251123,0.00013129854258617728,0,0,0.0,0.0,0.33653975190133284,3.824357950375096
10,20,True,False,eb,0.06482,0.00377,0,51,1.0,,,2.0267127375595555
10,20,True,False,site,0.08822,0.00732,0,291,1.0,,,1.3481368053361757
10,20,True,False,bb_eb,0.05076,0.00057,0,0,0.0,,,1.972956970475552
10,20,True,True,eb,0.06651109696841127,0.004212504167045489,280,179,0.3899782135076253,0.27750247770069375,0.3887077570106512,2.02757954884747
10,20,True,True,site,0.08908890707236011,0.007879504197351275,377,506,0.5730464326160816,0.3736372646184341,0.3197868507106174,1.3512922209428337
10,20,True,True,bb_eb,0.05127738885353214,0.0006263195644048449,137,2,0.014388489208633094,0.13577799801783944,0.49146607695566136,1.986268927471304
