n_rep,depth,unbalanced,mean,rho,sites,raw_fpr05,raw_fpr001,bh_calls
3,20,False,0.01,0.001,2217,0.0,0.0,0
3,20,False,0.01,0.01,2219,0.0,0.0,0
3,20,False,0.01,0.05,2248,0.0,0.0,0
3,20,False,0.01,0.15,2180,0.016972477064220184,0.00045871559633027525,0
3,20,False,0.01,0.35,2169,0.0396496081143384,0.004149377593360996,0
3,20,False,0.05,0.001,2286,0.0,0.0,0
3,20,False,0.05,0.01,2190,0.0018264840182648401,0.0,0
3,20,False,0.05,0.05,2229,0.018393898609241812,0.0,0
3,20,False,0.05,0.15,2221,0.05718144979738857,0.0009004952723998199,0
3,20,False,0.05,0.35,2232,0.1586021505376344,0.014336917562724014,0
3,20,False,0.15,0.001,2282,0.0008764241893076249,0.0,0
3,20,False,0.15,0.01,2273,0.0030796304443466782,0.0,0
3,20,False,0.15,0.05,2167,0.018920166128287955,0.0,0
3,20,False,0.15,0.15,2229,0.06953790937640197,0.0026917900403768506,0
3,20,False,0.15,0.35,2151,0.16689911668991167,0.030683403068340307,16
3,20,False,0.35,0.001,2225,0.0017977528089887641,0.0,0
3,20,False,0.35,0.01,2284,0.003064798598949212,0.0,0
3,20,False,0.35,0.05,2208,0.012681159420289856,0.0,0
3,20,False,0.35,0.15,2214,0.05962059620596206,0.0009033423667570009,0
3,20,False,0.35,0.35,2099,0.1276798475464507,0.008099094807050978,5
3,20,False,0.5,0.001,2268,0.0008818342151675485,0.0,0
3,20,False,0.5,0.01,2217,0.0031574199368516014,0.0,0
3,20,False,0.5,0.05,2234,0.012981199641897942,0.0,0
3,20,False,0.5,0.15,2194,0.06517775752051048,0.00045578851412944393,0
3,20,False,0.5,0.35,2274,0.11873350923482849,0.004837291116974494,0
3,20,False,0.65,0.001,2256,0.002216312056737589,0.0,0
3,20,False,0.65,0.01,2151,0.002789400278940028,0.0,0
3,20,False,0.65,0.05,2240,0.016964285714285713,0.0,0
3,20,False,0.65,0.15,2130,0.054929577464788736,0.0,0
3,20,False,0.65,0.35,2214,0.12827461607949414,0.0076784101174345075,6
3,20,False,0.85,0.001,2220,0.00045045045045045046,0.0,0
3,20,False,0.85,0.01,2349,0.0034057045551298426,0.0,0
3,20,False,0.85,0.05,2231,0.014791573285522188,0.0,0
3,20,False,0.85,0.15,2279,0.06537955243527863,0.002193944712593243,0
3,20,False,0.85,0.35,2265,0.15805739514348785,0.026931567328918323,9
3,20,False,0.95,0.001,2171,0.0,0.0,0
3,20,False,0.95,0.01,2265,0.0026490066225165563,0.0,0
3,20,False,0.95,0.05,2189,0.015989036089538604,0.0,0
3,20,False,0.95,0.15,2292,0.0650087260034904,0.002181500872600349,1
3,20,False,0.95,0.35,2170,0.1391705069124424,0.011059907834101382,2
3,20,False,0.99,0.001,2209,0.0,0.0,0
3,20,False,0.99,0.01,2184,0.0,0.0,0
3,20,False,0.99,0.05,2162,0.0018501387604070306,0.0,0
3,20,False,0.99,0.15,2277,0.020202020202020204,0.0,0
3,20,False,0.99,0.35,2236,0.050983899821109124,0.004919499105545617,0
5,20,False,0.01,0.001,2251,0.0,0.0,0
5,20,False,0.01,0.01,2291,0.00043649061545176777,0.0,0
5,20,False,0.01,0.05,2264,0.0030918727915194345,0.0,0
5,20,False,0.01,0.15,2225,0.025168539325842697,0.0,0
5,20,False,0.01,0.35,2235,0.06756152125279642,0.0035794183445190158,0
5,20,False,0.05,0.001,2247,0.004895416110369382,0.0,0
5,20,False,0.05,0.01,2217,0.006765899864682003,0.0,0
5,20,False,0.05,0.05,2232,0.0264336917562724,0.0,0
5,20,False,0.05,0.15,2197,0.07237141556668183,0.0013654984069185253,0
5,20,False,0.05,0.35,2213,0.17216448260280162,0.021238138273836422,1
5,20,False,0.15,0.001,2176,0.002297794117647059,0.0,0
5,20,False,0.15,0.01,2226,0.008984725965858042,0.0,0
5,20,False,0.15,0.05,2291,0.0257529463116543,0.0,0
5,20,False,0.15,0.15,2283,0.0657030223390276,0.0004380201489268506,0
5,20,False,0.15,0.35,2201,0.12766924125397547,0.01635620172648796,4
5,20,False,0.35,0.001,2176,0.00505514705882353,0.0,0
5,20,False,0.35,0.01,2234,0.008952551477170993,0.0,0
5,20,False,0.35,0.05,2276,0.02240773286467487,0.0,0
5,20,False,0.35,0.15,2216,0.06407942238267147,0.0004512635379061372,0
5,20,False,0.35,0.35,2206,0.09746146872166818,0.0058930190389845875,1
5,20,False,0.5,0.001,2170,0.0027649769585253456,0.0,0
5,20,False,0.5,0.01,2319,0.008624407072013798,0.0,0
5,20,False,0.5,0.05,2195,0.0214123006833713,0.0,0
5,20,False,0.5,0.15,2271,0.06649053280493175,0.00044033465433729633,0
5,20,False,0.5,0.35,2182,0.08570119156736938,0.004124656278643446,0
5,20,False,0.65,0.001,2230,0.006726457399103139,0.0,0
5,20,False,0.65,0.01,2225,0.0071910112359550565,0.0,0
5,20,False,0.65,0.05,2142,0.02707749766573296,0.0,0
5,20,False,0.65,0.15,2252,0.06261101243339254,0.0017761989342806395,0
5,20,False,0.65,0.35,2231,0.09502465262214253,0.004034065441506051,0
5,20,False,0.85,0.001,2257,0.005316792202038104,0.0,0
5,20,False,0.85,0.01,2176,0.0055147058823529415,0.0,0
5,20,False,0.85,0.05,2218,0.022993688007213707,0.0,0
5,20,False,0.85,0.15,2128,0.07048872180451128,0.00046992481203007516,0
5,20,False,0.85,0.35,2253,0.13581890812250333,0.013759431868619618,3
5,20,False,0.95,0.001,2216,0.00315884476534296,0.0,0
5,20,False,0.95,0.01,2210,0.007239819004524887,0.0,0
5,20,False,0.95,0.05,2213,0.0298237686398554,0.0,0
5,20,False,0.95,0.15,2225,0.062022471910112356,0.001348314606741573,0
5,20,False,0.95,0.35,2172,0.1662062615101289,0.022099447513812154,3
5,20,False,0.99,0.001,2273,0.0,0.0,0
5,20,False,0.99,0.01,2230,0.0,0.0,0
5,20,False,0.99,0.05,2162,0.005550416281221091,0.0,0
5,20,False,0.99,0.15,2195,0.02733485193621868,0.0,0
5,20,False,0.99,0.35,2198,0.0646041856232939,0.00272975432211101,0
5,20,True,0.01,0.001,2251,0.0,0.0,0
5,20,True,0.01,0.01,2291,0.0,0.0,0
5,20,True,0.01,0.05,2264,0.009717314487632508,0.0,0
5,20,True,0.01,0.15,2225,0.041797752808988765,0.0017977528089887641,2
5,20,True,0.01,0.35,2235,0.06263982102908278,0.016554809843400447,8
5,20,True,0.05,0.001,2247,0.0053404539385847796,0.0,0
5,20,True,0.05,0.01,2217,0.013531799729364006,0.0,0
5,20,True,0.05,0.05,2232,0.05152329749103943,0.0008960573476702509,0
5,20,True,0.05,0.15,2197,0.12790168411470187,0.008192990441511151,2
5,20,True,0.05,0.35,2213,0.18662449164030728,0.0298237686398554,26
5,20,True,0.15,0.001,2176,0.007352941176470588,0.0,0
5,20,True,0.15,0.01,2226,0.008984725965858042,0.0,0
5,20,True,0.15,0.05,2291,0.04975993016150153,0.0,0
5,20,True,0.15,0.15,2283,0.12133158125273763,0.003504161191414805,1
5,20,True,0.15,0.35,2201,0.20399818264425262,0.029986369831894594,23
5,20,True,0.35,0.001,2176,0.0059742647058823525,0.0,0
5,20,True,0.35,0.01,2234,0.01432408236347359,0.0,0
5,20,True,0.35,0.05,2276,0.054042179261862916,0.0,0
5,20,True,0.35,0.15,2216,0.11687725631768953,0.002256317689530686,1
5,20,True,0.35,0.35,2206,0.19356300997280146,0.013599274705349048,5
5,20,True,0.5,0.001,2170,0.008294930875576038,0.0,0
5,20,True,0.5,0.01,2319,0.01250539025442001,0.0,0
5,20,True,0.5,0.05,2195,0.04965831435079727,0.00045558086560364467,0
5,20,True,0.5,0.15,2271,0.12813738441215325,0.0035226772346983706,0
5,20,True,0.5,0.35,2182,0.20394133822181484,0.017415215398716773,2
5,20,True,0.65,0.001,2230,0.008071748878923767,0.0,0
5,20,True,0.65,0.01,2225,0.011685393258426966,0.0,0
5,20,True,0.65,0.05,2142,0.05228758169934641,0.0,0
5,20,True,0.65,0.15,2252,0.1216696269982238,0.0026642984014209592,0
5,20,True,0.65,0.35,2231,0.1994621246077992,0.012102196324518153,3
5,20,True,0.85,0.001,2257,0.007532122286220647,0.0,0
5,20,True,0.85,0.01,2176,0.010569852941176471,0.0,0
5,20,True,0.85,0.05,2218,0.05545536519386835,0.0004508566275924256,0
5,20,True,0.85,0.15,2128,0.11889097744360902,0.004699248120300752,0
5,20,True,0.85,0.35,2253,0.20372836218375498,0.02529960053262317,26
5,20,True,0.95,0.001,2216,0.0058664259927797835,0.0,0
5,20,True,0.95,0.01,2210,0.011312217194570135,0.0,0
5,20,True,0.95,0.05,2213,0.05061003163126977,0.00045187528242205153,0
5,20,True,0.95,0.15,2225,0.12449438202247191,0.006741573033707865,1
5,20,True,0.95,0.35,2172,0.18139963167587478,0.03222836095764273,28
5,20,True,0.99,0.001,2273,0.0004399472063352398,0.0,0
5,20,True,0.99,0.01,2230,0.0008968609865470852,0.0,0
5,20,True,0.99,0.05,2162,0.014801110083256245,0.0,0
5,20,True,0.99,0.15,2195,0.04464692482915718,0.002733485193621868,1
5,20,True,0.99,0.35,2198,0.07006369426751592,0.012738853503184714,11
5,60,True,0.01,0.001,2210,0.0,0.0,0
5,60,True,0.01,0.01,2279,0.00043878894251864854,0.0,0
5,60,True,0.01,0.05,2277,0.01756697408871322,0.0,0
5,60,True,0.01,0.15,2220,0.06126126126126126,0.008108108108108109,6
5,60,True,0.01,0.35,2187,0.0877914951989026,0.02194787379972565,22
5,60,True,0.05,0.001,2198,0.00045495905368516835,0.0,0
5,60,True,0.05,0.01,2218,0.007213706041478809,0.0,0
5,60,True,0.05,0.05,2241,0.04685408299866131,0.0004462293618920125,0
5,60,True,0.05,0.15,2207,0.13910285455369278,0.006796556411418215,7
5,60,True,0.05,0.35,2187,0.20713305898491083,0.04252400548696845,56
5,60,True,0.15,0.001,2249,0.0013339261894175188,0.0,0
5,60,True,0.15,0.01,2157,0.006490496059341678,0.0,0
5,60,True,0.15,0.05,2206,0.06391659111514053,0.0009066183136899365,0
5,60,True,0.15,0.15,2302,0.15377932232841007,0.004344048653344918,0
5,60,True,0.15,0.35,2331,0.20763620763620763,0.018447018447018446,14
5,60,True,0.35,0.001,2235,0.0013422818791946308,0.0,0
5,60,True,0.35,0.01,2179,0.007801743919229004,0.0,0
5,60,True,0.35,0.05,2273,0.06687197536295644,0.0,0
5,60,True,0.35,0.15,2231,0.1425369789332138,0.00582698341550874,1
5,60,True,0.35,0.35,2288,0.19318181818181818,0.017482517482517484,8
5,60,True,0.5,0.001,2258,0.0,0.0,0
5,60,True,0.5,0.01,2209,0.004526935264825713,0.0,0
5,60,True,0.5,0.05,2210,0.06515837104072399,0.00045248868778280545,0
5,60,True,0.5,0.15,2310,0.14372294372294372,0.006060606060606061,1
5,60,True,0.5,0.35,2248,0.20729537366548043,0.015569395017793594,8
5,60,True,0.65,0.001,2136,0.00046816479400749064,0.0,0
5,60,True,0.65,0.01,2212,0.0054249547920434,0.0,0
5,60,True,0.65,0.05,2101,0.059019514516896715,0.0,0
5,60,True,0.65,0.15,2232,0.13306451612903225,0.0035842293906810036,1
5,60,True,0.65,0.35,2207,0.20797462618939738,0.010874490258269144,8
5,60,True,0.85,0.001,2191,0.0009128251939753537,0.0,0
5,60,True,0.85,0.01,2284,0.00788091068301226,0.0,0
5,60,True,0.85,0.05,2179,0.056906837999082145,0.0,0
5,60,True,0.85,0.15,2178,0.12534435261707988,0.0032139577594123047,1
5,60,True,0.85,0.35,2174,0.19733210671573137,0.014719411223551058,10
5,60,True,0.95,0.001,2145,0.002797202797202797,0.0,0
5,60,True,0.95,0.01,2249,0.007114273010226767,0.0,0
5,60,True,0.95,0.05,2197,0.059626763768775605,0.0004551661356395084,0
5,60,True,0.95,0.15,2241,0.12315930388219545,0.00535475234270415,5
5,60,True,0.95,0.35,2212,0.2038878842676311,0.04294755877034358,49
5,60,True,0.99,0.001,2267,0.0,0.0,0
5,60,True,0.99,0.01,2196,0.0,0.0,0
5,60,True,0.99,0.05,2207,0.019030357951971,0.0,0
5,60,True,0.99,0.15,2210,0.06470588235294118,0.004524886877828055,5
5,60,True,0.99,0.35,2272,0.07746478873239436,0.014524647887323943,22
10,20,True,0.01,0.001,2189,0.0022841480127912287,0.0,0
10,20,True,0.01,0.01,2225,0.0035955056179775282,0.0,0
10,20,True,0.01,0.05,2199,0.020009095043201454,0.0,0
10,20,True,0.01,0.15,2341,0.05425032037590773,0.0025630072618539087,0
10,20,True,0.01,0.35,2185,0.10617848970251716,0.018306636155606407,7
10,20,True,0.05,0.001,2191,0.015518028297581013,0.0,0
10,20,True,0.05,0.01,2212,0.028481012658227847,0.0,0
10,20,True,0.05,0.05,2245,0.060133630289532294,0.0008908685968819599,0
10,20,True,0.05,0.15,2174,0.12557497700091996,0.004599816007359705,1
10,20,True,0.05,0.35,2257,0.18165706690296854,0.027913159060700046,14
10,20,True,0.15,0.001,2218,0.014427412082957619,0.0,0
10,20,True,0.15,0.01,2220,0.014864864864864866,0.0,0
10,20,True,0.15,0.05,2192,0.06706204379562043,0.0013686131386861315,0
10,20,True,0.15,0.15,2160,0.10092592592592593,0.005555555555555556,1
10,20,True,0.15,0.35,2211,0.16101311623699682,0.012663952962460425,4
10,20,True,0.35,0.001,2190,0.014155251141552512,0.0,0
10,20,True,0.35,0.01,2241,0.02320392681838465,0.0004462293618920125,0
10,20,True,0.35,0.05,2276,0.05492091388400703,0.0017574692442882249,0
10,20,True,0.35,0.15,2266,0.10370697263901148,0.00441306266548985,0
10,20,True,0.35,0.35,2133,0.13455227379278012,0.007969995311767463,1
10,20,True,0.5,0.001,2186,0.015096065873741994,0.0,0
10,20,True,0.5,0.01,2276,0.02240773286467487,0.0,0
10,20,True,0.5,0.05,2205,0.053514739229024944,0.0,0
10,20,True,0.5,0.15,2135,0.10351288056206089,0.002810304449648712,0
10,20,True,0.5,0.35,2250,0.13155555555555556,0.010666666666666666,4
10,20,True,0.65,0.001,2262,0.013704686118479222,0.0,0
10,20,True,0.65,0.01,2268,0.02513227513227513,0.0,0
10,20,True,0.65,0.05,2200,0.06181818181818182,0.0009090909090909091,0
10,20,True,0.65,0.15,2256,0.10505319148936171,0.0035460992907801418,0
10,20,True,0.65,0.35,2212,0.14511754068716093,0.005877034358047016,0
10,20,True,0.85,0.001,2169,0.016597510373443983,0.0,0
10,20,True,0.85,0.01,2318,0.020276100086281276,0.0,0
10,20,True,0.85,0.05,2266,0.06090026478375993,0.000441306266548985,0
10,20,True,0.85,0.15,2229,0.10722296994167788,0.0026917900403768506,0
10,20,True,0.85,0.35,2263,0.16040653999116217,0.011489173663278833,2
10,20,True,0.95,0.001,2234,0.01656222023276634,0.0,0
10,20,True,0.95,0.01,2239,0.029030817329164807,0.0,0
10,20,True,0.95,0.05,2173,0.061665899677864705,0.0004601932811780948,0
10,20,True,0.95,0.15,2182,0.1145737855178735,0.002749770852428964,0
10,20,True,0.95,0.35,2241,0.18072289156626506,0.024542614904060688,13
10,20,True,0.99,0.001,2258,0.0008857395925597874,0.0,0
10,20,True,0.99,0.01,2238,0.004021447721179625,0.0,0
10,20,True,0.99,0.05,2222,0.018901890189018902,0.00045004500450045,0
10,20,True,0.99,0.15,2175,0.05563218390804598,0.001379310344827586,0
10,20,True,0.99,0.35,2218,0.1109107303877367,0.013074842200180343,4
