nrep,depth,imbalance,signal,fpr05,fpr001,tp,fp,fdp,ap
3,20,False,False,0.04349,0.00067,0,0,0.0,
3,20,False,True,0.0444101041319476,0.000676706158026038,0,0,0.0,0.0812331053435037
5,20,False,False,0.04362,0.00065,0,0,0.0,
5,20,False,True,0.04375259107960808,0.0006673609917388798,0,0,0.0,0.26827707908930726
5,20,True,False,0.04106,0.00049,0,0,0.0,
5,20,True,True,0.03976864818953052,0.0006168033408495708,0,0,0.0,0.17837416421588478
5,60,True,False,0.03561,0.00048,0,0,0.0,
5,60,True,True,0.0364807950631748,0.0005049943945622204,0,0,0.0,0.31627807540437025
10,20,True,False,0.04551,0.00064,0,0,0.0,
10,20,True,True,0.04684264226040751,0.0005960137790304169,135,3,0.021739130434782608,0.5239645868818555
