nrep,depth,imbalance,signal,method,fpr05,fpr001,tp,fp,fdp,ap
3,20,False,False,logF,0.01744,8e-05,0,0,0.0,
3,20,False,False,floored_logF,0.05115,0.00512,0,134,1.0,
3,20,False,False,strata_floored_logF,0.03755,0.00176,0,2,1.0,
3,20,False,True,logF,0.01815996525568383,0.00011110101101920027,0,0,0.0,0.10445019874110158
3,20,False,True,floored_logF,0.051278166631316346,0.005130846690704885,5,124,0.9612403100775194,0.056618739698902715
3,20,False,True,strata_floored_logF,0.039248957165510204,0.0016160147057338221,0,0,0.0,0.058359124428791494
5,20,False,False,logF,0.02697,0.00029,0,0,0.0,
5,20,False,False,floored_logF,0.03324,0.00087,0,0,0.0,
5,20,False,False,strata_floored_logF,0.02707,0.00051,0,0,0.0,
5,20,False,True,logF,0.02678544344115595,0.00034379202604730173,0,0,0.0,0.3042015410047584
5,20,False,True,floored_logF,0.033287157345521096,0.0009707068970747343,0,0,0.0,0.24627039375442464
5,20,False,True,strata_floored_logF,0.027513473613962,0.0006572494615610181,0,0,0.0,0.2536152461976114
5,20,True,False,logF,0.01717,0.0001,0,0,0.0,
5,20,True,False,floored_logF,0.0389,0.00183,0,0,0.0,
5,20,True,False,strata_floored_logF,0.02631,0.00073,0,0,0.0,
5,20,True,True,logF,0.017341274255033016,0.00020223060355723633,0,0,0.0,0.14839628687086692
5,20,True,True,floored_logF,0.04035511693984651,0.001809963901837265,0,0,0.0,0.0897990493857889
5,20,True,True,strata_floored_logF,0.026320313052974307,0.0006774725219167416,0,0,0.0,0.10066442874376305
5,60,True,False,logF,0.02765,0.0004,0,0,0.0,
5,60,True,False,floored_logF,0.03068,0.00083,0,0,0.0,
5,60,True,False,strata_floored_logF,0.02667,0.00065,0,0,0.0,
5,60,True,True,logF,0.027148498651664965,0.0004241952914322651,0,0,0.0,0.38817236959562124
5,60,True,True,floored_logF,0.030885457171425396,0.0007170920402783529,0,0,0.0,0.33712301741051937
5,60,True,True,strata_floored_logF,0.027138398763773722,0.0005150942824534648,0,0,0.0,0.33801721454639144
10,20,True,False,logF,0.02549,0.00024,0,0,0.0,
10,20,True,False,floored_logF,0.0288,0.00054,0,0,0.0,
10,20,True,False,strata_floored_logF,0.02566,0.00039,0,0,0.0,
10,20,True,True,logF,0.027366124193108465,0.00028285399682799445,0,0,0.0,0.4695667386968584
10,20,True,True,floored_logF,0.030740168298128114,0.0005151983513652757,0,0,0.0,0.4249778270935918
10,20,True,True,strata_floored_logF,0.027436837692315464,0.00043438292370013437,0,0,0.0,0.42468442004991985
