tool,rule,direction,caller_total,paper_total,concordant_calls,concordant_paper,caller_overlap_fraction,paper_recovered_fraction
epykit,any_overlap,hypo,298,1714,149,151,0.5,0.088098016336056
epykit,any_overlap,hyper,133,1557,9,9,0.06766917293233082,0.005780346820809248
epykit,reciprocal_25pct,hypo,298,1714,131,131,0.4395973154362416,0.0764294049008168
epykit,reciprocal_25pct,hyper,133,1557,6,6,0.045112781954887216,0.0038535645472061657
epykit,reciprocal_50pct,hypo,298,1714,93,93,0.31208053691275167,0.05425904317386231
epykit,reciprocal_50pct,hyper,133,1557,6,6,0.045112781954887216,0.0038535645472061657
epykit,reciprocal_80pct,hypo,298,1714,27,27,0.09060402684563758,0.01575262543757293
epykit,reciprocal_80pct,hyper,133,1557,3,3,0.022556390977443608,0.0019267822736030828
DSS,any_overlap,hypo,234,1714,177,177,0.7564102564102564,0.10326721120186698
DSS,any_overlap,hyper,19,1557,3,3,0.15789473684210525,0.0019267822736030828
DSS,reciprocal_25pct,hypo,234,1714,169,169,0.7222222222222222,0.0985997666277713
DSS,reciprocal_25pct,hyper,19,1557,2,2,0.10526315789473684,0.0012845215157353885
DSS,reciprocal_50pct,hypo,234,1714,130,130,0.5555555555555556,0.07584597432905485
DSS,reciprocal_50pct,hyper,19,1557,0,0,0.0,0.0
DSS,reciprocal_80pct,hypo,234,1714,60,60,0.2564102564102564,0.03500583430571762
DSS,reciprocal_80pct,hyper,19,1557,0,0,0.0,0.0
