call_id	chrom	start	end	pvalue	qvalue	direction	length_bp	any_overlap_same_direction	any_overlap_paper_genes	reciprocal_25pct_same_direction	reciprocal_25pct_paper_genes	reciprocal_50pct_same_direction	reciprocal_50pct_paper_genes	reciprocal_80pct_same_direction	reciprocal_80pct_paper_genes	nearest_paper_id	gap_to_nearest_paper_bp
DSS_0001	chrX	54070313	54070699			hypo	387	False		False		False		False		paper_3248	104639.0
DSS_0002	chr17	7311620	7311919			hypo	300	False		False		False		False		paper_1275	92358.0
DSS_0003	chr11	72533063	72533379			hyper	317	False		False		False		False		paper_0550	248500.0
DSS_0004	chr7	5632707	5632954			hyper	248	False		False		False		False		paper_2742	9429.0
DSS_0005	chrX	119149280	119149721			hypo	442	False		False		False		False		paper_3262	58936.0
DSS_0006	chr16	10868996	10869477			hypo	482	True	TVP23A	True	TVP23A	True	TVP23A	False		paper_1132	0.0
DSS_0007	chrX	153775481	153775813			hypo	333	False		False		False		False		paper_3271	156810.0
DSS_0008	chr19	4719606	4720103			hypo	498	True	DPP9	True	DPP9	True	DPP9	False		paper_1496	0.0
DSS_0009	chr11	46369047	46369195			hyper	149	False		False		False		False		paper_0495	500545.0
DSS_0010	chrX	134556245	134556505			hypo	261	False		False		False		False		paper_3266	5005175.0
DSS_0011	chrX	139014581	139014740			hypo	160	False		False		False		False		paper_3267	985866.0
DSS_0012	chr11	61734807	61735079			hyper	273	False		False		False		False		paper_0511	4614.0
DSS_0013	chr17	38755491	38755933			hypo	443	True	CCR7	True	CCR7	True	CCR7	False		paper_1318	0.0
DSS_0014	chr2	208199030	208199687			hypo	658	True	KLF7	True	KLF7	True	KLF7	False		paper_1841	0.0
DSS_0015	chrX	68724300	68724497			hypo	198	False		False		False		False		paper_3250	1385837.0
DSS_0016	chr4	58061752	58061991			hypo	240	False		False		False		False		paper_2322	690284.0
DSS_0017	chr17	42431414	42431502			hyper	89	False		False		False		False		paper_1329	6147.0
DSS_0018	chr14	45267631	45267899			hypo	269	True	C14orf28	False		False		False		paper_0905	0.0
DSS_0019	chr21	32710715	32711202			hypo	488	True	TIAM1	True	TIAM1	True	TIAM1	True	TIAM1	paper_1976	0.0
DSS_0020	chrX	142722546	142722814			hypo	269	False		False		False		False		paper_3267	2721731.0
DSS_0021	chr22	36054502	36055036			hypo	535	True	APOL6	True	APOL6	True	APOL6	False		paper_2036	0.0
DSS_0022	chr1	201372948	201373427			hypo	480	True	LAD1	True	LAD1	True	LAD1	True	LAD1	paper_0216	0.0
DSS_0023	chr10	3929019	3929367			hypo	349	True	KLF6	True	KLF6	False		False		paper_0275	0.0
DSS_0024	chr5	142593453	142593846			hypo	394	True	ARHGAP26	True	ARHGAP26	True	ARHGAP26	True	ARHGAP26	paper_2489	0.0
DSS_0025	chr9	126345355	126345519			hypo	165	True	DENND1A	True	DENND1A	True	DENND1A	True	DENND1A	paper_3180	0.0
DSS_0026	chr4	873423	873900			hypo	478	True	GAK	True	GAK	True	GAK	False		paper_2267	0.0
DSS_0027	chr2	101011804	101012179			hypo	376	True	CHST10	True	CHST10	True	CHST10	False		paper_1739	0.0
DSS_0028	chr10	11318312	11318867			hypo	556	True	CELF2	True	CELF2	True	CELF2	True	CELF2	paper_0288	0.0
DSS_0029	chrX	153991450	153991716			hypo	267	False		False		False		False		paper_3271	372779.0
DSS_0030	chrX	136114156	136114420			hypo	265	False		False		False		False		paper_3267	3886186.0
DSS_0031	chr5	140794434	140794642			hyper	209	True	PCDHGA10	False		False		False		paper_2481	0.0
DSS_0032	chr5	70819777	70820154			hypo	378	True	BDP1	True	BDP1	True	BDP1	False		paper_2435	0.0
DSS_0033	chr11	46369284	46369418			hyper	135	False		False		False		False		paper_0495	500782.0
DSS_0034	chr7	28518986	28519570			hypo	585	True	CREB5	True	CREB5	True	CREB5	True	CREB5	paper_2768	0.0
DSS_0035	chr16	50117750	50118229			hypo	480	True	HEATR3	True	HEATR3	True	HEATR3	False		paper_1176	0.0
DSS_0036	chr1	27165289	27165674			hypo	386	True	ZDHHC18	True	ZDHHC18	True	ZDHHC18	True	ZDHHC18	paper_0069	0.0
DSS_0037	chr2	65521133	65521487			hypo	355	True	ACTR2	True	ACTR2	True	ACTR2	True	ACTR2	paper_1696	0.0
DSS_0038	chr9	114836611	114836976			hypo	366	True	SUSD1	True	SUSD1	True	SUSD1	True	SUSD1	paper_3158	0.0
DSS_0039	chr8	29357593	29357818			hypo	226	True	DUSP4	True	DUSP4	True	DUSP4	True	DUSP4	paper_2960	0.0
DSS_0040	chr21	44727095	44727470			hypo	376	True	SIK1	True	SIK1	True	SIK1	False		paper_1998	0.0
DSS_0041	chr2	33756408	33756796			hypo	389	True	RASGRP3	True	RASGRP3	True	RASGRP3	True	RASGRP3	paper_1669	0.0
DSS_0042	chr12	92458831	92459112			hypo	282	True	C12orf79	True	C12orf79	True	C12orf79	False		paper_0707	0.0
DSS_0043	chrX	70503821	70503962			hypo	142	False		False		False		False		paper_3250	393243.0
DSS_0044	chr12	11976967	11977358			hypo	392	True	ETV6	True	ETV6	True	ETV6	False		paper_0637	0.0
DSS_0045	chr2	162197787	162197845			hyper	59	True	PSMD14	True	PSMD14	False		False		paper_1799	0.0
DSS_0046	chr12	121972412	121972795			hypo	384	False		False		False		False		paper_0765	1350.0
DSS_0047	chr3	188016899	188017246			hypo	348	True	LPP	True	LPP	True	LPP	True	LPP	paper_2239	0.0
DSS_0048	chr22	26039122	26039653			hypo	532	True	ADRBK2	True	ADRBK2	True	ADRBK2	False		paper_2022	0.0
DSS_0049	chr16	11277096	11277453			hypo	358	True	RMI2	True	RMI2	True	RMI2	True	RMI2	paper_1134	0.0
DSS_0050	chr1	25297009	25297315			hypo	307	True	RUNX3	True	RUNX3	False		False		paper_0058	0.0
DSS_0051	chr11	102164027	102164533			hypo	507	True	BIRC3	True	BIRC3	True	BIRC3	True	BIRC3	paper_0569	0.0
DSS_0052	chr8	103567423	103567707			hypo	285	True	ODF1	True	ODF1	False		False		paper_3031	0.0
DSS_0053	chr2	191657719	191658420			hypo	702	True	GLS	True	GLS	True	GLS	False		paper_1819	0.0
DSS_0054	chr12	92947110	92947537			hypo	428	True	CLLU1OS	True	CLLU1OS	False		False		paper_0711	0.0
DSS_0055	chr7	5568056	5568260			hyper	205	False		False		False		False		paper_2740	31142.0
DSS_0056	chr10	112127652	112127915			hypo	264	True	SMNDC1	True	SMNDC1	False		False		paper_0395	0.0
DSS_0057	chr1	245851740	245851828			hypo	89	False		False		False		False		paper_0269	621720.0
DSS_0058	chr12	92896722	92897399			hypo	678	True	CLLU1OS	True	CLLU1OS	True	CLLU1OS	False		paper_0709	0.0
DSS_0059	chr7	105429261	105429605			hypo	345	True	ATXN7L1	True	ATXN7L1	True	ATXN7L1	False		paper_2855	0.0
DSS_0060	chr10	5624500	5624861			hypo	362	True	CALML3	True	CALML3	True	CALML3	True	CALML3	paper_0281	0.0
DSS_0061	chr10	12677044	12677477			hypo	434	True	CAMK1D	True	CAMK1D	True	CAMK1D	True	CAMK1D	paper_0294	0.0
DSS_0062	chrX	136116174	136116260			hypo	87	False		False		False		False		paper_3267	3884346.0
DSS_0063	chr9	132649657	132650022			hypo	366	True	FNBP1	True	FNBP1	False		False		paper_3197	0.0
DSS_0064	chr14	76017536	76017964			hypo	429	True	FLVCR2	True	FLVCR2	True	FLVCR2	False		paper_0947	0.0
DSS_0065	chr6	14072394	14072637			hypo	244	True	CD83	True	CD83	False		False		paper_2563	0.0
DSS_0066	chr19	18888364	18888472			hyper	109	False		False		False		False		paper_1540	383602.0
DSS_0067	chr9	114790866	114791182			hypo	317	True	UGCG	True	UGCG	False		False		paper_3157	0.0
DSS_0068	chr12	112587246	112587888			hypo	643	True	TRAFD1	True	TRAFD1	True	TRAFD1	True	TRAFD1	paper_0747	0.0
DSS_0069	chr11	48125215	48125639			hypo	425	True	PTPRJ	True	PTPRJ	True	PTPRJ	True	PTPRJ	paper_0499	0.0
DSS_0070	chr15	62637220	62637302			hypo	83	False		False		False		False		paper_1049	1308639.0
DSS_0071	chr9	131552809	131553285			hypo	477	True	TBC1D13	True	TBC1D13	True	TBC1D13	False		paper_3195	0.0
DSS_0072	chr8	22105572	22105999			hypo	428	True	POLR3D	True	POLR3D	True	POLR3D	False		paper_2939	0.0
DSS_0073	chr4	103520170	103520661			hypo	492	True	NFKB1	True	NFKB1	True	NFKB1	False		paper_2342	0.0
DSS_0074	chrX	11776529	11776721			hypo	193	False		False		False		False		paper_3229	1607181.0
DSS_0075	chr5	78884600	78884926			hypo	327	True	PAPD4	True	PAPD4	True	PAPD4	False		paper_2444	0.0
DSS_0076	chr12	123205661	123205946			hypo	286	True	HCAR1	True	HCAR1	False		False		paper_0771	0.0
DSS_0077	chrX	150565525	150565607			hypo	83	False		False		False		False		paper_3268	2387591.0
DSS_0078	chr19	35481688	35482127			hypo	440	True	GRAMD1A	True	GRAMD1A	True	GRAMD1A	False		paper_1556	0.0
DSS_0079	chr11	110220485	110220902			hypo	418	True	RDX	True	RDX	True	RDX	False		paper_0578	0.0
DSS_0080	chr9	134497560	134497713			hypo	154	True	RAPGEF1	True	RAPGEF1	False		False		paper_3207	0.0
DSS_0081	chr2	8915457	8915583			hypo	127	True	KIDINS220	True	KIDINS220	True	KIDINS220	True	KIDINS220	paper_1628	0.0
DSS_0082	chr13	113572487	113572752			hypo	266	True	MCF2L	True	MCF2L	False		False		paper_0875	0.0
DSS_0083	chrX	153626253	153626333			hypo	81	False		False		False		False		paper_3271	7582.0
DSS_0084	chr9	77715865	77716167			hypo	303	True	OSTF1	True	OSTF1	True	OSTF1	False		paper_3105	0.0
DSS_0085	chr11	102216819	102217151			hypo	333	True	BIRC2	True	BIRC2	False		False		paper_0570	0.0
DSS_0086	chr5	179554198	179554274			hyper	77	False		False		False		False		paper_2525	54709.0
DSS_0087	chr17	63053862	63054049			hypo	188	True	GNA13	True	GNA13	True	GNA13	False		paper_1366	0.0
DSS_0088	chr7	150517855	150518338			hypo	484	False		False		False		False		paper_2891	336.0
DSS_0089	chr14	102302575	102302771			hypo	197	True	PPP2R5C	True	PPP2R5C	True	PPP2R5C	True	PPP2R5C	paper_0989	0.0
DSS_0090	chr13	100047829	100048178			hypo	350	True	GPR183	True	GPR183	True	GPR183	True	GPR183	paper_0861	0.0
DSS_0091	chr4	103517236	103518013			hypo	778	False		False		False		False		paper_2342	1990.0
DSS_0092	chr12	131575945	131576217			hypo	273	True	GPR133	True	GPR133	True	GPR133	True	GPR133	paper_0788	0.0
DSS_0093	chr2	70745089	70745568			hypo	480	True	TGFA	True	TGFA	True	TGFA	False		paper_1706	0.0
DSS_0094	chr7	148853940	148854354			hypo	415	True	ZNF398	True	ZNF398	True	ZNF398	False		paper_2886	0.0
DSS_0095	chr5	138090844	138091169			hypo	326	True	CTNNA1	True	CTNNA1	True	CTNNA1	False		paper_2477	0.0
DSS_0096	chr1	25913026	25913076			hyper	51	False		False		False		False		paper_0061	20032.0
DSS_0097	chr18	72704386	72704590			hypo	205	True	ZADH2	True	ZADH2	False		False		paper_1467	0.0
DSS_0098	chr22	22471906	22471969			hyper	64	False		False		False		False		paper_2014	417557.0
DSS_0099	chr17	3989566	3989933			hypo	368	True	ZZEF1	True	ZZEF1	False		False		paper_1262	0.0
DSS_0100	chr19	18771327	18771468			hyper	142	False		False		False		False		paper_1540	266565.0
DSS_0101	chr4	14845741	14845942			hypo	202	True	CPEB2	True	CPEB2	True	CPEB2	True	CPEB2	paper_2292	0.0
DSS_0102	chr6	14110329	14110582			hypo	254	False		False		False		False		paper_2564	1447.0
DSS_0103	chr1	158363477	158363705			hypo	229	True	OR10T2	True	OR10T2	True	OR10T2	False		paper_0181	0.0
DSS_0104	chr12	120449887	120450289			hypo	403	False		False		False		False		paper_0759	1265.0
DSS_0105	chr3	16551503	16551978			hypo	476	True	RFTN1	True	RFTN1	True	RFTN1	True	RFTN1	paper_2089	0.0
DSS_0106	chr10	11241875	11242187			hypo	313	True	CELF2	True	CELF2	True	CELF2	False		paper_0287	0.0
DSS_0107	chr9	90078613	90078794			hypo	182	True	DAPK1	True	DAPK1	False		False		paper_3119	0.0
DSS_0108	chr19	35480226	35480460			hypo	235	True	GRAMD1A	True	GRAMD1A	True	GRAMD1A	False		paper_1555	0.0
DSS_0109	chr8	142416335	142416550			hypo	216	True	PTP4A3	True	PTP4A3	True	PTP4A3	False		paper_3062	0.0
DSS_0110	chrX	153362179	153362312			hypo	134	False		False		False		False		paper_3269	73268.0
DSS_0111	chr10	80674407	80674734			hypo	328	True	ZMIZ1	True	ZMIZ1	False		False		paper_0368	0.0
DSS_0112	chr19	45491622	45491796			hypo	175	True	CLPTM1	True	CLPTM1	True	CLPTM1	True	CLPTM1	paper_1585	0.0
DSS_0113	chr14	90742366	90742555			hypo	190	True	PSMC1	True	PSMC1	True	PSMC1	True	PSMC1	paper_0965	0.0
DSS_0114	chr10	63761762	63761997			hypo	236	True	ARID5B	True	ARID5B	True	ARID5B	True	ARID5B	paper_0343	0.0
DSS_0115	chr3	75445381	75445477			hyper	97	False		False		False		False		paper_2155	122.0
DSS_0116	chr1	16274790	16274938			hypo	149	False		False		False		False		paper_0039	72.0
DSS_0117	chr16	11702133	11702408			hypo	276	True	LITAF	True	LITAF	True	LITAF	False		paper_1135	0.0
DSS_0118	chr9	140655519	140655655			hypo	137	True	EHMT1	True	EHMT1	False		False		paper_3226	0.0
DSS_0119	chr1	85435400	85435646			hypo	247	True	MCOLN2	True	MCOLN2	True	MCOLN2	True	MCOLN2	paper_0126	0.0
DSS_0120	chr11	74316587	74316926			hypo	340	True	POLD3	True	POLD3	False		False		paper_0553	0.0
DSS_0121	chr12	2977058	2977457			hypo	400	True	FOXM1	True	FOXM1	True	FOXM1	False		paper_0622	0.0
DSS_0122	chr12	133069237	133069456			hypo	220	True	FBRSL1	True	FBRSL1	True	FBRSL1	False		paper_0793	0.0
DSS_0123	chr2	86464456	86464604			hypo	149	True	REEP1	True	REEP1	True	REEP1	False		paper_1718	0.0
DSS_0124	chr10	116307363	116307440			hypo	78	True	ABLIM1	True	ABLIM1	True	ABLIM1	True	ABLIM1	paper_0404	0.0
DSS_0125	chr12	4255525	4255832			hypo	308	True	CCND2	True	CCND2	True	CCND2	True	CCND2	paper_0624	0.0
DSS_0126	chr12	4085679	4085933			hypo	255	True	PARP11	True	PARP11	True	PARP11	False		paper_0623	0.0
DSS_0127	chr14	61657105	61657492			hypo	388	True	PRKCH	True	PRKCH	False		False		paper_0925	0.0
DSS_0128	chr8	101339217	101339758			hypo	542	False		False		False		False		paper_3026	98989.0
DSS_0129	chr17	38737573	38737993			hypo	421	True	CCR7	True	CCR7	True	CCR7	False		paper_1317	0.0
DSS_0130	chr17	65574194	65574408			hypo	215	True	PITPNC1	True	PITPNC1	True	PITPNC1	False		paper_1369	0.0
DSS_0131	chrX	117061013	117061158			hyper	146	False		False		False		False		paper_3260	401847.0
DSS_0132	chr11	65824120	65824333			hypo	214	True	SF3B2	True	SF3B2	True	SF3B2	True	SF3B2	paper_0528	0.0
DSS_0133	chr9	113014489	113014751			hypo	263	True	TXN	True	TXN	False		False		paper_3152	0.0
DSS_0134	chrX	48398418	48398528			hypo	111	False		False		False		False		paper_3242	31745.0
DSS_0135	chr19	10496862	10497273			hypo	412	True	TYK2	True	TYK2	True	TYK2	True	TYK2	paper_1506	0.0
DSS_0136	chr1	170010686	170010943			hypo	258	False		False		False		False		paper_0186	1531355.0
DSS_0137	chrX	128657224	128657297			hypo	74	False		False		False		False		paper_3266	893587.0
DSS_0138	chr9	102272277	102272454			hypo	178	True	SEC61B	True	SEC61B	True	SEC61B	True	SEC61B	paper_3142	0.0
DSS_0139	chr13	27705445	27705648			hypo	204	True	USP12	True	USP12	True	USP12	True	USP12	paper_0811	0.0
DSS_0140	chr16	79135540	79135764			hypo	225	True	WWOX	True	WWOX	False		False		paper_1213	0.0
DSS_0141	chr1	112145772	112145997			hypo	226	True	RAP1A	False		False		False		paper_0142	0.0
DSS_0142	chr20	22710661	22711079			hypo	419	True	FOXA2	True	FOXA2	True	FOXA2	False		paper_1904	0.0
DSS_0143	chr7	67653	68014			hypo	362	True	FAM20C	True	FAM20C	True	FAM20C	False		paper_2719	0.0
DSS_0144	chr2	204450733	204451082			hypo	350	False		False		False		False		paper_1834	307001.0
DSS_0145	chr22	27707423	27707491			hyper	69	False		False		False		False		paper_2025	56.0
DSS_0146	chr16	70824357	70824623			hypo	267	True	VAC14	True	VAC14	True	VAC14	False		paper_1201	0.0
DSS_0147	chr5	131999808	132000045			hypo	238	True	IL13	True	IL13	True	IL13	True	IL13	paper_2464	0.0
DSS_0148	chr1	211513156	211513602			hypo	447	True	TRAF5	True	TRAF5	True	TRAF5	False		paper_0229	0.0
DSS_0149	chr9	109744110	109744373			hypo	264	True	ZNF462	True	ZNF462	True	ZNF462	False		paper_3144	0.0
DSS_0150	chr3	188063108	188063376			hypo	269	True	LPP	True	LPP	True	LPP	False		paper_2240	0.0
DSS_0151	chr4	103443187	103443731			hypo	545	True	NFKB1	True	NFKB1	True	NFKB1	False		paper_2341	0.0
DSS_0152	chr7	98739627	98739782			hypo	156	True	SMURF1	False		False		False		paper_2841	0.0
DSS_0153	chr1	64660653	64660805			hypo	153	True	UBE2U	True	UBE2U	True	UBE2U	True	UBE2U	paper_0112	0.0
DSS_0154	chr6	137493729	137493847			hypo	119	True	IL22RA2	True	IL22RA2	True	IL22RA2	True	IL22RA2	paper_2677	0.0
DSS_0155	chrX	136649977	136650032			hypo	56	False		False		False		False		paper_3267	3350574.0
DSS_0156	chr7	50420101	50420385			hypo	285	True	IKZF1	True	IKZF1	True	IKZF1	True	IKZF1	paper_2808	0.0
DSS_0157	chr1	85461631	85461896			hypo	266	True	MCOLN2	True	MCOLN2	False		False		paper_0127	0.0
DSS_0158	chr17	62735839	62736051			hypo	213	True	SMURF2	True	SMURF2	True	SMURF2	False		paper_1362	0.0
DSS_0159	chr7	158597180	158597250			hypo	71	False		False		False		False		paper_2909	169002.0
DSS_0160	chr6	89723140	89723526			hypo	387	True	AL079342.1	True	AL079342.1	True	AL079342.1	False		paper_2645	0.0
DSS_0161	chr3	75445724	75445845			hyper	122	True	FRG2C	True	FRG2C	False		False		paper_2155	0.0
DSS_0162	chr10	30799659	30800044			hypo	386	True	MAP3K8	True	MAP3K8	True	MAP3K8	True	MAP3K8	paper_0314	0.0
DSS_0163	chr8	59700877	59701080			hypo	204	True	NSMAF	False		False		False		paper_2991	0.0
DSS_0164	chr7	130716302	130716519			hypo	218	True	MKLN1	True	MKLN1	True	MKLN1	False		paper_2870	0.0
DSS_0165	chr7	130132637	130132690			hyper	54	False		False		False		False		paper_2868	201155.0
DSS_0166	chr11	102422166	102422347			hypo	182	True	MMP7	True	MMP7	True	MMP7	False		paper_0572	0.0
DSS_0167	chr12	94602072	94602316			hypo	245	True	PLXNC1	False		False		False		paper_0716	0.0
DSS_0168	chr7	98739399	98739539			hypo	141	True	SMURF1	True	SMURF1	False		False		paper_2841	0.0
DSS_0169	chr8	29381280	29381501			hypo	222	True	DUSP4	True	DUSP4	True	DUSP4	False		paper_2961	0.0
DSS_0170	chr1	11889599	11889823			hypo	225	True	CLCN6	True	CLCN6	True	CLCN6	False		paper_0024	0.0
DSS_0171	chr4	36328611	36328855			hypo	245	False		False		False		False		paper_2303	1500359.0
DSS_0172	chr5	157039261	157039406			hypo	146	False		False		False		False		paper_2501	29771.0
DSS_0173	chr9	117365671	117365996			hypo	326	True	C9orf91	True	C9orf91	True	C9orf91	True	C9orf91	paper_3166	0.0
DSS_0174	chr17	14277022	14277237			hypo	216	True	HS3ST3B1	True	HS3ST3B1	False		False		paper_1286	0.0
DSS_0175	chr3	4637431	4637767			hypo	337	True	ITPR1	True	ITPR1	False		False		paper_2066	0.0
DSS_0176	chr13	28590055	28590468			hypo	414	True	FLT3	True	FLT3	True	FLT3	False		paper_0814	0.0
DSS_0177	chrX	48958468	48958534			hypo	67	False		False		False		False		paper_3243	206825.0
DSS_0178	chr11	35993538	35993896			hypo	359	True	LDLRAD3	True	LDLRAD3	True	LDLRAD3	False		paper_0484	0.0
DSS_0179	chr7	41345792	41346145			hypo	354	True	INHBA	True	INHBA	True	INHBA	True	INHBA	paper_2794	0.0
DSS_0180	chr5	95513363	95513651			hypo	289	True	ELL2	True	ELL2	True	ELL2	False		paper_2450	0.0
DSS_0181	chr15	74722405	74722641			hypo	237	True	SEMA7A	True	SEMA7A	True	SEMA7A	True	SEMA7A	paper_1060	0.0
DSS_0182	chr11	88218087	88218470			hypo	384	False		False		False		False		paper_0567	1378796.0
DSS_0183	chrX	146993523	146993665			hypo	143	False		False		False		False		paper_3268	5959533.0
DSS_0184	chr17	38733911	38734162			hypo	252	True	CCR7	True	CCR7	False		False		paper_1316	0.0
DSS_0185	chr16	20931550	20931940			hypo	391	True	LYRM1	True	LYRM1	True	LYRM1	False		paper_1153	0.0
DSS_0186	chrX	54556488	54556538			hypo	51	False		False		False		False		paper_3248	590814.0
DSS_0187	chr2	225902739	225903147			hypo	409	True	DOCK10	True	DOCK10	True	DOCK10	True	DOCK10	paper_1861	0.0
DSS_0188	chr18	9911271	9911548			hypo	278	False		False		False		False		paper_1412	43640.0
DSS_0189	chr7	138349560	138349615			hypo	56	False		False		False		False		paper_2876	1102817.0
DSS_0190	chr5	142585961	142586113			hypo	153	True	ARHGAP26	True	ARHGAP26	True	ARHGAP26	False		paper_2488	0.0
DSS_0191	chr1	95508282	95508506			hypo	225	True	ALG14	True	ALG14	False		False		paper_0135	0.0
DSS_0192	chr7	114556443	114556701			hypo	259	True	MDFIC	True	MDFIC	True	MDFIC	True	MDFIC	paper_2862	0.0
DSS_0193	chr18	60924743	60925050			hypo	308	True	BCL2	True	BCL2	True	BCL2	False		paper_1463	0.0
DSS_0194	chr8	630481	630574			hypo	94	True	ERICH1	True	ERICH1	False		False		paper_2912	0.0
DSS_0195	chr16	11253438	11253834			hypo	397	False		False		False		False		paper_1133	214.0
DSS_0196	chr5	179894247	179894339			hypo	93	True	CNOT6	True	CNOT6	False		False		paper_2526	0.0
DSS_0197	chr9	132696625	132696722			hypo	98	True	FNBP1	True	FNBP1	True	FNBP1	True	FNBP1	paper_3198	0.0
DSS_0198	chr1	236323313	236323558			hypo	246	True	GPR137B	True	GPR137B	True	GPR137B	False		paper_0265	0.0
DSS_0199	chr16	47009912	47010083			hypo	172	True	DNAJA2	True	DNAJA2	True	DNAJA2	True	DNAJA2	paper_1172	0.0
DSS_0200	chr20	40133826	40134120			hypo	295	True	CHD6	True	CHD6	False		False		paper_1932	0.0
DSS_0201	chr2	7576537	7576889			hypo	353	True	RNF144A	True	RNF144A	True	RNF144A	False		paper_1620	0.0
DSS_0202	chr15	80282723	80282906			hypo	184	True	BCL2A1	True	BCL2A1	True	BCL2A1	True	BCL2A1	paper_1074	0.0
DSS_0203	chr6	138113203	138113530			hypo	328	False		False		False		False		paper_2677	619355.0
DSS_0204	chr4	139221176	139221423			hypo	248	True	SLC7A11	True	SLC7A11	True	SLC7A11	True	SLC7A11	paper_2354	0.0
DSS_0205	chr11	63376472	63376685			hypo	214	True	PLA2G16	True	PLA2G16	True	PLA2G16	True	PLA2G16	paper_0514	0.0
DSS_0206	chr21	39030094	39030231			hypo	138	False		False		False		False		paper_1987	699474.0
DSS_0207	chr4	26163874	26164047			hypo	174	True	RBPJ	True	RBPJ	True	RBPJ	True	RBPJ	paper_2300	0.0
DSS_0208	chr2	214022013	214022390			hypo	378	True	IKZF2	True	IKZF2	True	IKZF2	False		paper_1847	0.0
DSS_0209	chr9	116692317	116692561			hypo	245	True	ZNF618	True	ZNF618	False		False		paper_3164	0.0
DSS_0210	chrX	153991307	153991395			hypo	89	False		False		False		False		paper_3271	372636.0
DSS_0211	chr22	38624139	38624198			hypo	60	True	TMEM184B	False		False		False		paper_2040	0.0
DSS_0212	chr11	66697279	66697553			hypo	275	True	PC	True	PC	True	PC	False		paper_0532	0.0
DSS_0213	chr12	788358	788572			hypo	215	True	NINJ2	True	NINJ2	True	NINJ2	False		paper_0614	0.0
DSS_0214	chr8	126655095	126655272			hypo	178	True	TRIB1	True	TRIB1	False		False		paper_3049	0.0
DSS_0215	chr9	117370068	117370235			hypo	168	True	C9orf91	False		False		False		paper_3167	0.0
DSS_0216	chr6	3804371	3804585			hypo	215	True	FAM50B	True	FAM50B	True	FAM50B	True	FAM50B	paper_2543	0.0
DSS_0217	chr3	71399738	71400148			hypo	411	False		False		False		False		paper_2151	11377.0
DSS_0218	chr18	46281430	46281682			hypo	253	True	CTIF	True	CTIF	True	CTIF	False		paper_1440	0.0
DSS_0219	chr2	235399700	235399794			hypo	95	False		False		False		False		paper_1871	496081.0
DSS_0220	chr12	88693480	88693696			hypo	217	True	TMTC3	True	TMTC3	True	TMTC3	True	TMTC3	paper_0704	0.0
DSS_0221	chr18	21631659	21631825			hypo	167	True	TTC39C	True	TTC39C	True	TTC39C	False		paper_1423	0.0
DSS_0222	chrX	108744487	108744884			hypo	398	True	GUCY2F	True	GUCY2F	False		False		paper_3259	0.0
DSS_0223	chr5	173281284	173281507			hypo	224	False		False		False		False		paper_2511	858248.0
DSS_0224	chr11	60712076	60712280			hypo	205	True	SLC15A3	True	SLC15A3	False		False		paper_0507	0.0
DSS_0225	chr7	21578427	21578885			hypo	459	True	DNAH11	True	DNAH11	True	DNAH11	False		paper_2758	0.0
DSS_0226	chr1	173267119	173267258			hypo	140	True	TNFSF4	True	TNFSF4	True	TNFSF4	True	TNFSF4	paper_0192	0.0
DSS_0227	chr22	18586932	18587005			hypo	74	True	PEX26	True	PEX26	False		False		paper_2010	0.0
DSS_0228	chr10	11315565	11315845			hypo	281	False		False		False		False		paper_0288	2338.0
DSS_0229	chr22	25862056	25862231			hypo	176	False		False		False		False		paper_2022	176963.0
DSS_0230	chr12	778419	778548			hypo	130	True	NINJ2	True	NINJ2	False		False		paper_0613	0.0
DSS_0231	chr20	44741520	44741710			hypo	191	True	CD40	True	CD40	False		False		paper_1938	0.0
DSS_0232	chr12	116978537	116978646			hypo	110	True	MAP1LC3B2	True	MAP1LC3B2	True	MAP1LC3B2	False		paper_0753	0.0
DSS_0233	chr2	175556014	175556591			hypo	578	True	WIPF1	True	WIPF1	True	WIPF1	True	WIPF1	paper_1811	0.0
DSS_0234	chrX	40876294	40876449			hypo	156	True	USP9X	True	USP9X	True	USP9X	True	USP9X	paper_3238	0.0
DSS_0235	chr10	120921456	120921507			hypo	52	False		False		False		False		paper_0409	51387.0
DSS_0236	chr8	125726575	125726737			hypo	163	True	MTSS1	True	MTSS1	True	MTSS1	False		paper_3045	0.0
DSS_0237	chr4	8422805	8422886			hypo	82	True	ACOX3	True	ACOX3	False		False		paper_2288	0.0
DSS_0238	chr3	104273395	104273489			hypo	95	False		False		False		False		paper_2166	2878793.0
DSS_0239	chr16	73872642	73872696			hypo	55	False		False		False		False		paper_1205	641723.0
DSS_0240	chr1	168479138	168479330			hypo	193	True	XCL2	True	XCL2	True	XCL2	True	XCL2	paper_0186	0.0
DSS_0241	chr2	235399547	235399637			hypo	91	False		False		False		False		paper_1871	496238.0
DSS_0242	chr3	119290611	119290823			hypo	213	True	ADPRH	True	ADPRH	True	ADPRH	False		paper_2175	0.0
DSS_0243	chr6	6861924	6862230			hypo	307	True	RREB1	True	RREB1	False		False		paper_2554	0.0
DSS_0244	chr2	62176206	62176530			hypo	325	False		False		False		False		paper_1693	247998.0
DSS_0245	chr2	206612280	206612346			hypo	67	True	NRP2	True	NRP2	True	NRP2	True	NRP2	paper_1837	0.0
DSS_0246	chr11	102423422	102423694			hypo	273	False		False		False		False		paper_0573	237.0
DSS_0247	chr7	141285961	141286140			hypo	180	False		False		False		False		paper_2882	294846.0
DSS_0248	chr1	156691446	156691538			hypo	93	True	RRNAD1	True	RRNAD1	True	RRNAD1	True	RRNAD1	paper_0179	0.0
DSS_0249	chr3	59051225	59051278			hypo	54	True	C3orf67	False		False		False		paper_2144	0.0
DSS_0250	chr3	16783584	16783749			hypo	166	True	DAZL	True	DAZL	True	DAZL	True	DAZL	paper_2091	0.0
DSS_0251	chr12	94179109	94179216			hypo	108	True	CRADD	True	CRADD	True	CRADD	True	CRADD	paper_0715	0.0
DSS_0252	chr3	41002705	41002953			hypo	249	True	CTNNB1	True	CTNNB1	True	CTNNB1	False		paper_2108	0.0
DSS_0253	chr5	36679822	36679892			hypo	71	False		False		False		False		paper_2417	139510.0
