call_id	chrom	start	end	n_cpgs	n_significant	mean_meth_diff	combined_pvalue	dmr_type	combined_qvalue	combined_qvalue_reject	length_bp	direction	any_overlap_same_direction	any_overlap_paper_genes	reciprocal_25pct_same_direction	reciprocal_25pct_paper_genes	reciprocal_50pct_same_direction	reciprocal_50pct_paper_genes	reciprocal_80pct_same_direction	reciprocal_80pct_paper_genes	nearest_paper_id	gap_to_nearest_paper_bp
epykit_0001	chr1	8266569	8266713	6	3	-0.17046271	6.74509837198e-05	hypo	0.0002546355318419	True	145	hypo	True	SLC45A1	True	SLC45A1	True	SLC45A1	True	SLC45A1	paper_0015	0.0
epykit_0002	chr1	11889502	11889822	7	5	-0.25109524	7.0985112986324e-09	hypo	6.437615419104556e-08	True	321	hypo	True	CLCN6	True	CLCN6	True	CLCN6	True	CLCN6	paper_0024	0.0
epykit_0003	chr1	12475183	12475833	6	5	-0.21978343	2.4011989688648675e-08	hypo	2.0371462219724525e-07	True	651	hypo	True	VPS13D	True	VPS13D	False		False		paper_0028	0.0
epykit_0004	chr1	15786681	15787038	8	4	-0.14648499	4.074549621259661e-07	hypo	2.656875744771796e-06	True	358	hypo	True	CELA2A	True	CELA2A	False		False		paper_0036	0.0
epykit_0005	chr1	16274937	16275044	5	4	-0.27039233	1.4272536578523302e-09	hypo	1.5014708480606513e-08	True	108	hypo	True	ZBTB17	True	ZBTB17	False		False		paper_0039	0.0
epykit_0006	chr1	21619470	21619581	5	3	-0.19196388	7.51063531475e-05	hypo	0.0002782108574338	True	112	hypo	True	ECE1	False		False		False		paper_0051	0.0
epykit_0007	chr1	24284927	24285168	5	3	0.15468982	0.00019409653081	hyper	0.0006328188545831	True	242	hyper	False		False		False		False		paper_0054	94413.0
epykit_0008	chr1	25297008	25297157	8	6	-0.22007425	3.8291688364345605e-09	hypo	3.729894088823293e-08	True	150	hypo	True	RUNX3	True	RUNX3	True	RUNX3	False		paper_0058	0.0
epykit_0009	chr1	26906020	26906493	5	4	-0.23516758	3.0948939637149907e-06	hypo	1.69574398428e-05	True	474	hypo	True	RPS6KA1	True	RPS6KA1	False		False		paper_0066	0.0
epykit_0010	chr1	27165400	27165673	7	6	-0.38391128	2.3562478061717854e-17	hypo	8.450361450316085e-16	True	274	hypo	True	ZDHHC18	True	ZDHHC18	True	ZDHHC18	False		paper_0069	0.0
epykit_0011	chr1	29536818	29537081	5	4	-0.19741447	2.297633022772313e-06	hypo	1.29488032497e-05	True	264	hypo	False		False		False		False		paper_0076	920508.0
epykit_0012	chr1	63514288	63514608	5	3	0.08772393	0.000233652375905	hyper	0.0007463632574455	True	321	hyper	False		False		False		False		paper_0112	1146044.0
epykit_0013	chr1	78313632	78313756	5	3	0.12573422	3.523201868177718e-06	hyper	1.90397689999e-05	True	125	hyper	False		False		False		False		paper_0123	22344.0
epykit_0014	chr1	84727284	84727941	5	3	-0.10368158	2.769857149961753e-06	hypo	1.52826384008e-05	True	658	hypo	False		False		False		False		paper_0125	252093.0
epykit_0015	chr1	85435509	85435645	5	5	-0.3172256	4.4252390102300805e-11	hypo	6.234845676913452e-10	True	137	hypo	True	MCOLN2	True	MCOLN2	True	MCOLN2	False		paper_0126	0.0
epykit_0016	chr1	85461162	85462032	12	6	-0.14354995	2.639397818328716e-07	hypo	1.8267411216327688e-06	True	871	hypo	True	MCOLN2	True	MCOLN2	True	MCOLN2	False		paper_0127	0.0
epykit_0017	chr1	107334046	107334177	6	3	-0.1074971	0.0001578825725929	hypo	0.0005300823394717	True	132	hypo	False		False		False		False		paper_0137	2633076.0
epykit_0018	chr1	111065568	111065916	5	3	-0.13673504	0.0008310697329631	hypo	0.0022610828251998	True	349	hypo	False		False		False		False		paper_0140	31627.0
epykit_0019	chr1	116744299	116745025	5	3	0.10545065	0.0001102254350924	hyper	0.0003848135764954	True	727	hyper	False		False		False		False		paper_0151	180811.0
epykit_0020	chr1	117129151	117129712	6	4	-0.18491955	2.3976741504440228e-08	hypo	2.0371462219724525e-07	True	562	hypo	True	IGSF3	True	IGSF3	False		False		paper_0154	0.0
epykit_0021	chr1	151029326	151029975	5	4	-0.19610633	2.23819807917e-05	hypo	9.70295760697e-05	True	650	hypo	True	CDC42SE1	True	CDC42SE1	False		False		paper_0161	0.0
epykit_0022	chr1	153704879	153705023	5	3	-0.211485	4.936155344857791e-07	hypo	3.192316858272784e-06	True	145	hypo	True	INTS3	True	INTS3	False		False		paper_0166	0.0
epykit_0023	chr1	165341882	165342205	6	3	-0.08880514	0.0013311455921876	hypo	0.0034892819675616	True	324	hypo	False		False		False		False		paper_0184	1137576.0
epykit_0024	chr1	192535446	192535921	5	4	-0.21838906	2.619674256408152e-07	hypo	1.8267411216327688e-06	True	476	hypo	False		False		False		False		paper_0209	21009.0
epykit_0025	chr1	201373045	201373542	11	8	-0.32302293	8.871010751141411e-19	hypo	3.888459712583652e-17	True	498	hypo	True	LAD1	True	LAD1	True	LAD1	False		paper_0216	0.0
epykit_0026	chr1	212954269	212954617	5	3	-0.22771987	4.210764781148631e-09	hypo	4.002763147381048e-08	True	349	hypo	True	NSL1	False		False		False		paper_0235	0.0
epykit_0027	chr1	221948688	221948970	5	3	-0.15274283	1.35618113725e-05	hypo	6.14957998446e-05	True	283	hypo	False		False		False		False		paper_0241	781241.0
epykit_0028	chr1	235994232	235994829	7	4	-0.19034275	6.126443152444187e-06	hypo	3.09856644056e-05	True	598	hypo	True	LYST	True	LYST	True	LYST	False		paper_0263	0.0
epykit_0029	chr1	236323242	236323387	5	5	-0.33527023	1.3956247110115484e-12	hypo	2.446995326640248e-11	True	146	hypo	True	GPR137B	True	GPR137B	False		False		paper_0265	0.0
epykit_0030	chr1	240073229	240073459	8	4	0.03967662	0.0006228977698817	hyper	0.0017427884412648	True	231	hyper	False		False		False		False		paper_0267	3573505.0
epykit_0031	chr1	245778963	245779052	5	3	0.13013776	0.000646954483118	hyper	0.0018036999547	True	90	hyper	False		False		False		False		paper_0269	694496.0
epykit_0032	chr10	2132176	2133047	5	3	0.079759695	0.0016928244302908	hyper	0.0043224546132668	True	872	hyper	False		False		False		False		paper_0273	582756.0
epykit_0033	chr10	3492971	3493286	5	3	-0.19410016	1.4177592494443713e-07	hypo	1.055294384727933e-06	True	316	hypo	False		False		False		False		paper_0274	381375.0
epykit_0034	chr10	3929018	3929366	11	10	-0.3483027	9.74479322638097e-28	hypo	3.8443209278072927e-25	True	349	hypo	True	KLF6	True	KLF6	False		False		paper_0275	0.0
epykit_0035	chr10	3944752	3944858	5	4	-0.13038754	3.746990789117806e-07	hypo	2.484349355137772e-06	True	107	hypo	False		False		False		False		paper_0275	14868.0
epykit_0036	chr10	6053792	6053945	6	3	0.118750066	0.0001231933937624	hyper	0.0004226069029502	True	154	hyper	False		False		False		False		paper_0282	167623.0
epykit_0037	chr10	6437522	6437802	6	4	0.14400715	0.0001043639232298	hyper	0.0003676032831624	True	281	hyper	True	DKFZP667F0711	True	DKFZP667F0711	True	DKFZP667F0711	False		paper_0283	0.0
epykit_0038	chr10	11318022	11318734	14	9	-0.267139	4.381653538485016e-23	hypo	6.914249283729356e-21	True	713	hypo	True	CELF2	True	CELF2	True	CELF2	False		paper_0288	0.0
epykit_0039	chr10	12677243	12677404	6	5	-0.25359717	2.1527303794515943e-10	hypo	2.613083491365089e-09	True	162	hypo	True	CAMK1D	True	CAMK1D	False		False		paper_0294	0.0
epykit_0040	chr10	24295917	24296634	6	3	0.08040335	0.0020086622189737	hyper	0.00503122060562	True	718	hyper	False		False		False		False		paper_0303	1111892.0
epykit_0041	chr10	34795888	34796371	5	3	-0.06775899	0.0249540086283893	hypo	0.0462176356990591	True	484	hypo	False		False		False		False		paper_0325	89096.0
epykit_0042	chr10	39143244	39143348	5	3	0.09039718	0.0008543340121583	hyper	0.0023163901566767	True	105	hyper	False		False		False		False		paper_0329	1571966.0
epykit_0043	chr10	56449920	56450503	6	3	-0.10313218	0.0003210372744393	hypo	0.0009558430548401	True	584	hypo	False		False		False		False		paper_0341	764715.0
epykit_0044	chr10	70813672	70813817	6	4	-0.23411621	3.0903949048411854e-08	hypo	2.4714851087498533e-07	True	146	hypo	True	SRGN	True	SRGN	True	SRGN	False		paper_0348	0.0
epykit_0045	chr10	74303593	74303922	5	3	0.20206153	9.03189150153e-05	hyper	0.000324908843415	True	330	hyper	True	MICU1	False		False		False		paper_0356	0.0
epykit_0046	chr10	80672010	80672467	6	4	-0.07181394	0.0039857990432267	hypo	0.0090628110809967	True	458	hypo	False		False		False		False		paper_0368	1970.0
epykit_0047	chr10	102147386	102147978	5	3	-0.08286025	0.0018685205818114	hypo	0.0047252010866962	True	593	hypo	False		False		False		False		paper_0390	403974.0
epykit_0048	chr10	112084386	112084804	5	3	-0.15833762	0.0010332997919957	hypo	0.0027450287403524	True	419	hypo	False		False		False		False		paper_0395	42580.0
epykit_0049	chr10	112170583	112170771	6	5	-0.21812361	4.734081437635861e-09	hypo	4.3943414756408176e-08	True	189	hypo	True	DUSP5	True	DUSP5	False		False		paper_0397	0.0
epykit_0050	chr10	114859409	114859492	5	3	0.08487662	0.0004473402174765	hyper	0.0012976155573124	True	84	hyper	False		False		False		False		paper_0401	54025.0
epykit_0051	chr10	134255604	134255845	5	3	0.1061403	0.0002138306873268	hyper	0.0006858228142311	True	242	hyper	False		False		False		False		paper_0429	24754.0
epykit_0052	chr11	12694585	12694679	6	3	-0.05257401	0.0222648333080902	hypo	0.0421269867627894	True	95	hypo	False		False		False		False		paper_0462	221481.0
epykit_0053	chr11	34252994	34253328	7	4	-0.11780788	0.0002768008245636	hypo	0.0008497893018704	True	335	hypo	True	ABTB2	False		False		False		paper_0476	0.0
epykit_0054	chr11	34265241	34265888	6	5	-0.3036742	7.662440059732682e-13	hypo	1.4059686528207172e-11	True	648	hypo	True	ABTB2	True	ABTB2	False		False		paper_0477	0.0
epykit_0055	chr11	35880804	35881557	6	4	-0.15591262	5.61848190326e-05	hypo	0.0002194545654296	True	754	hypo	True	LDLRAD3	True	LDLRAD3	False		False		paper_0482	0.0
epykit_0056	chr11	59950065	59950175	5	3	0.120473064	8.01209249607e-05	hyper	0.0002942125062778	True	111	hyper	False		False		False		False		paper_0504	237333.0
epykit_0057	chr11	62673813	62674162	6	3	-0.17380607	6.94176200552e-05	hypo	0.0002595758399221	True	350	hypo	False		False		False		False		paper_0514	702309.0
epykit_0058	chr11	63375986	63376684	9	5	-0.12711602	0.0003496746811948	hypo	0.0010371929453485	True	699	hypo	True	PLA2G16	True	PLA2G16	False		False		paper_0514	0.0
epykit_0059	chr11	65904221	65904511	5	3	-0.17889509	2.85577482728e-05	hypo	0.0001209743023703	True	291	hypo	False		False		False		False		paper_0528	79916.0
epykit_0060	chr11	66697125	66697552	5	4	-0.22508916	3.60218520671e-05	hypo	0.0001450063330663	True	428	hypo	True	PC	True	PC	True	PC	True	PC	paper_0532	0.0
epykit_0061	chr11	69355671	69355756	6	3	-0.07779589	3.14545027761e-05	hypo	0.0001304522550098	True	86	hypo	False		False		False		False		paper_0545	96769.0
epykit_0062	chr11	83853258	83853593	5	3	0.1256403	0.0004364762499783	hyper	0.0012707740266898	True	336	hyper	False		False		False		False		paper_0564	625321.0
epykit_0063	chr11	87198620	87199321	8	4	-0.07004881	0.0078991826347361	hypo	0.0164879764518698	True	702	hypo	False		False		False		False		paper_0566	1207265.0
epykit_0064	chr11	110220484	110220681	5	4	-0.36106563	2.913552281015245e-14	hypo	6.212953377624401e-13	True	198	hypo	True	RDX	True	RDX	False		False		paper_0578	0.0
epykit_0065	chr11	116451953	116452039	5	3	-0.06855924	0.01411615762105	hypo	0.0283400721705051	True	87	hypo	False		False		False		False		paper_0583	274276.0
epykit_0066	chr11	119812037	119812358	5	3	-0.13725412	0.0010107606167135	hypo	0.0027033563613117	True	322	hypo	False		False		False		False		paper_0590	228374.0
epykit_0067	chr12	778340	778537	5	4	-0.2999373	4.4315143332388974e-09	hypo	4.1624581058636795e-08	True	198	hypo	True	NINJ2	True	NINJ2	True	NINJ2	False		paper_0613	0.0
epykit_0068	chr12	788291	788571	5	4	-0.24607985	2.4214568731522383e-06	hypo	1.35498544178e-05	True	281	hypo	True	NINJ2	True	NINJ2	True	NINJ2	True	NINJ2	paper_0614	0.0
epykit_0069	chr12	4085678	4086104	6	5	-0.31054994	2.9076479164603518e-12	hypo	4.7794462626817035e-11	True	427	hypo	True	PARP11	True	PARP11	True	PARP11	True	PARP11	paper_0623	0.0
epykit_0070	chr12	4255524	4255678	5	4	-0.28719854	1.2745107320842982e-10	hypo	1.675981612690852e-09	True	155	hypo	True	CCND2	True	CCND2	True	CCND2	False		paper_0624	0.0
epykit_0071	chr12	11977107	11977296	6	5	-0.33196846	5.157994733892414e-13	hypo	9.689661535812178e-12	True	190	hypo	True	ETV6	True	ETV6	True	ETV6	False		paper_0637	0.0
epykit_0072	chr12	15841214	15841499	5	3	0.14708784	0.0001763113434749	hyper	0.0005796235416738	True	286	hyper	False		False		False		False		paper_0645	892920.0
epykit_0073	chr12	39538659	39538741	10	5	-0.052537628	0.0240093744517373	hypo	0.0447834431262902	True	83	hypo	False		False		False		False		paper_0660	1165942.0
epykit_0074	chr12	47611981	47612318	6	4	-0.19882548	0.0002414185763611	hypo	0.000768061519149	True	338	hypo	True	PCED1B	True	PCED1B	True	PCED1B	False		paper_0665	0.0
epykit_0075	chr12	58120241	58120294	6	4	-0.15942298	1.2215255237423926e-06	hypo	7.192415210692148e-06	True	54	hypo	False		False		False		False		paper_0686	21509.0
epykit_0076	chr12	73575049	73575256	5	3	-0.14711325	0.0003513629276957	hypo	0.0010382971908312	True	208	hypo	False		False		False		False		paper_0700	1355497.0
epykit_0077	chr12	92458830	92459111	8	8	-0.36895722	3.89071723918885e-21	hypo	5.116293169533339e-19	True	282	hypo	True	C12orf79	True	C12orf79	True	C12orf79	False		paper_0707	0.0
epykit_0078	chr12	92896721	92897318	9	7	-0.29463732	1.6035920298837493e-14	hypo	3.614954604509367e-13	True	598	hypo	True	CLLU1OS	True	CLLU1OS	True	CLLU1OS	False		paper_0709	0.0
epykit_0079	chr12	92947266	92947451	5	5	-0.4654289	1.0901332983892675e-19	hypo	7.167626436909435e-18	True	186	hypo	True	CLLU1OS	False		False		False		paper_0711	0.0
epykit_0080	chr12	102933687	102933917	5	4	-0.12703724	0.018734918330147	hypo	0.0361414439180587	True	231	hypo	False		False		False		False		paper_0725	778279.0
epykit_0081	chr12	108307905	108308336	6	3	0.11155629	0.0162588590742934	hyper	0.0320705995240438	True	432	hyper	False		False		False		False		paper_0736	14878.0
epykit_0082	chr12	109011201	109011363	6	3	-0.20223658	2.4048293091195615e-07	hypo	1.6941163615136911e-06	True	163	hypo	False		False		False		False		paper_0737	321625.0
epykit_0083	chr12	109372192	109372853	6	3	-0.02619028	0.0214413274820677	hypo	0.0409040323855541	True	662	hypo	False		False		False		False		paper_0737	682616.0
epykit_0084	chr12	112587380	112587724	6	5	-0.33492944	2.398943703109221e-15	hypo	6.309221939177253e-14	True	345	hypo	True	TRAFD1	True	TRAFD1	True	TRAFD1	False		paper_0747	0.0
epykit_0085	chr12	115660940	115661450	6	3	-0.10506711	0.0046315069458091	hypo	0.0102360195525026	True	511	hypo	False		False		False		False		paper_0752	531652.0
epykit_0086	chr12	116863330	116863701	6	4	0.101235725	0.0156282463059954	hyper	0.0309816239583678	True	372	hyper	False		False		False		False		paper_0753	114789.0
epykit_0087	chr12	120450059	120450268	5	4	-0.32993692	7.245360547432919e-12	hypo	1.1433178943849144e-10	True	210	hypo	False		False		False		False		paper_0759	1286.0
epykit_0088	chr12	123205282	123205784	8	6	-0.12431252	0.0004747976378447	hypo	0.0013573019429692	True	503	hypo	True	HCAR1	False		False		False		paper_0771	0.0
epykit_0089	chr12	131576001	131576216	6	5	-0.21855776	4.219216580175443e-08	hypo	3.296001863127153e-07	True	216	hypo	True	GPR133	True	GPR133	True	GPR133	False		paper_0788	0.0
epykit_0090	chr12	132409114	132409292	6	3	-0.08907905	0.0029306576068925	hypo	0.0069857669239825	True	179	hypo	False		False		False		False		paper_0790	46475.0
epykit_0091	chr12	133069334	133069455	6	5	-0.28767148	2.1592606752803752e-11	hypo	3.2762628323004145e-10	True	122	hypo	True	FBRSL1	True	FBRSL1	True	FBRSL1	False		paper_0793	0.0
epykit_0092	chr12	133335500	133335569	6	3	-0.11704201	8.65289985543e-05	hypo	0.0003146146537297	True	70	hypo	False		False		False		False		paper_0795	198717.0
epykit_0093	chr13	27705063	27705647	6	4	-0.30205557	2.2720696108976647e-10	hypo	2.7161559439367543e-09	True	585	hypo	True	USP12	True	USP12	False		False		paper_0811	0.0
epykit_0094	chr13	50702913	50703043	5	3	-0.18567882	6.911902755630321e-06	hypo	3.45157675581e-05	True	131	hypo	True	DLEU1	True	DLEU1	False		False		paper_0842	0.0
epykit_0095	chr13	70659720	70660115	5	3	-0.06726037	0.0077071960695754	hypo	0.0161299143206764	True	396	hypo	False		False		False		False		paper_0852	743537.0
epykit_0096	chr13	85828585	85828935	6	3	-0.071288966	0.0038741057899837	hypo	0.0088599115023105	True	351	hypo	False		False		False		False		paper_0857	86512.0
epykit_0097	chr13	100047927	100048060	5	5	-0.2588796	3.566431953226004e-11	hypo	5.11620874744603e-10	True	134	hypo	True	GPR183	True	GPR183	False		False		paper_0861	0.0
epykit_0098	chr13	104286927	104287082	6	3	-0.06235379	0.0007390785378213	hypo	0.0020460805836527	True	156	hypo	False		False		False		False		paper_0866	2566831.0
epykit_0099	chr14	28150904	28151122	6	3	0.068117894	0.0053767157478874	hyper	0.0117188638814452	True	219	hyper	False		False		False		False		paper_0890	2957179.0
epykit_0100	chr14	30284732	30285150	5	3	0.08345391	0.000942391519251	hyper	0.002537702760031	True	419	hyper	False		False		False		False		paper_0890	823151.0
epykit_0101	chr14	42590625	42591288	6	3	-0.06641855	0.0064149415822421	hypo	0.013753774207579	True	664	hypo	False		False		False		False		paper_0905	2676510.0
epykit_0102	chr14	57457814	57457885	6	3	0.0707947	0.0225219648283075	hyper	0.0425115556208963	True	72	hyper	False		False		False		False		paper_0920	323415.0
epykit_0103	chr14	61657311	61657491	6	4	-0.19312692	1.14313423331e-05	hypo	5.40079586878e-05	True	181	hypo	True	PRKCH	True	PRKCH	True	PRKCH	True	PRKCH	paper_0925	0.0
epykit_0104	chr14	68733856	68734007	5	5	-0.252656	4.041889481434809e-12	hypo	6.508266940514418e-11	True	152	hypo	False		False		False		False		paper_0933	331229.0
epykit_0105	chr14	73893913	73894044	6	3	0.14817305	2.30754491009e-05	hyper	9.94892313695e-05	True	132	hyper	True	NUMB	True	NUMB	True	NUMB	True	NUMB	paper_0942	0.0
epykit_0106	chr14	76017631	76017870	6	5	-0.27706358	5.936163505464625e-11	hypo	8.21690001019577e-10	True	240	hypo	True	FLVCR2	True	FLVCR2	True	FLVCR2	False		paper_0947	0.0
epykit_0107	chr14	93977030	93977465	6	3	-0.16978246	0.00029988748798	hypo	0.0009135568649277	True	436	hypo	True	UNC79	True	UNC79	True	UNC79	True	UNC79	paper_0974	0.0
epykit_0108	chr14	101992056	101992174	6	4	0.08856001	0.0221867685346879	hyper	0.0420801932064153	True	119	hyper	False		False		False		False		paper_0988	82973.0
epykit_0109	chr14	102302574	102302770	8	6	-0.21965365	2.470128873416434e-09	hypo	2.531080105357878e-08	True	197	hypo	True	PPP2R5C	True	PPP2R5C	True	PPP2R5C	True	PPP2R5C	paper_0989	0.0
epykit_0110	chr14	103230617	103230871	7	4	-0.2336603	2.233356414869417e-07	hypo	1.587493884082856e-06	True	255	hypo	True	TRAF3	True	TRAF3	True	TRAF3	False		paper_0992	0.0
epykit_0111	chr14	103558541	103558841	6	3	0.07449255	0.0024504769975874	hyper	0.0060044296617904	True	301	hyper	False		False		False		False		paper_0994	47951.0
epykit_0112	chr14	104758349	104758533	6	3	-0.109855406	0.0039312775976186	hypo	0.0089646763714482	True	185	hypo	False		False		False		False		paper_1002	74615.0
epykit_0113	chr14	105532917	105533021	5	5	-0.2631882	3.837384361649908e-08	hypo	3.027696261341777e-07	True	105	hypo	True	GPR132	True	GPR132	True	GPR132	True	GPR132	paper_1006	0.0
epykit_0114	chr15	26360876	26360997	5	3	0.07767369	0.0024339409204702	hyper	0.0059824902998475	True	122	hyper	False		False		False		False		paper_1012	1486180.0
epykit_0115	chr15	27878251	27878764	6	3	-0.11312735	0.0001988785302585	hypo	0.0006435292127487	True	514	hypo	False		False		False		False		paper_1012	30846.0
epykit_0116	chr15	38852679	38853002	5	3	-0.13966143	0.0003047448174577	hypo	0.0009142344523732	True	324	hypo	False		False		False		False		paper_1024	92232.0
epykit_0117	chr15	56018323	56018493	6	3	0.06737728	0.0088988826823735	hyper	0.018476890622086	True	171	hyper	False		False		False		False		paper_1041	137076.0
epykit_0118	chr15	66209557	66209978	5	3	-0.2014935	1.17964468162e-05	hypo	5.54011698693e-05	True	422	hypo	True	MEGF11	False		False		False		paper_1052	0.0
epykit_0119	chr15	85909568	85909895	5	4	-0.20923948	2.462687707058496e-08	hypo	2.0670857456054818e-07	True	328	hypo	True	AKAP13	True	AKAP13	False		False		paper_1082	0.0
epykit_0120	chr15	92490074	92490150	5	4	-0.2528251	3.3091210336751764e-09	hypo	3.3049322728730566e-08	True	77	hypo	True	SLCO3A1	True	SLCO3A1	False		False		paper_1092	0.0
epykit_0121	chr15	93790917	93791030	5	3	0.07971982	0.0001180084442706	hyper	0.0004101703195135	True	114	hyper	False		False		False		False		paper_1096	224259.0
epykit_0122	chr15	101529052	101529592	6	3	-0.19139628	1.29498545271e-05	hypo	5.94036931508e-05	True	541	hypo	False		False		False		False		paper_1105	160603.0
epykit_0123	chr16	609678	609795	6	3	-0.11974654	0.000275172724586	hypo	0.0008497893018704	True	118	hypo	False		False		False		False		paper_1110	166462.0
epykit_0124	chr16	1935900	1936108	5	3	0.12570426	5.529364810975458e-06	hyper	2.85141753977e-05	True	209	hyper	False		False		False		False		paper_1117	134870.0
epykit_0125	chr16	10869071	10869476	14	12	-0.3186223	1.2660896032180452e-35	hypo	9.989446969390376e-33	True	406	hypo	True	TVP23A	True	TVP23A	True	TVP23A	False		paper_1132	0.0
epykit_0126	chr16	11253357	11254048	7	4	-0.20226534	3.50354682518259e-09	hypo	3.45537305633633e-08	True	692	hypo	False		False		False		False		paper_1133	0.0
epykit_0127	chr16	11277167	11277375	6	6	-0.41342926	1.9297688724245047e-14	hypo	4.229410112063706e-13	True	209	hypo	True	RMI2	True	RMI2	True	RMI2	False		paper_1134	0.0
epykit_0128	chr16	16214725	16215144	6	3	0.083401136	0.0050900566058149	hyper	0.011155707394411	True	420	hyper	False		False		False		False		paper_1146	82964.0
epykit_0129	chr16	17002013	17002383	6	3	-0.17692728	1.1999772486e-05	hypo	5.54126991705e-05	True	371	hypo	True	NPIPA7	False		False		False		paper_1147	0.0
epykit_0130	chr16	17121549	17121806	5	3	-0.1314325	9.399733951192776e-06	hypo	4.52218907773e-05	True	258	hypo	False		False		False		False		paper_1148	78369.0
epykit_0131	chr16	18985581	18985891	5	3	0.07069192	0.0164266463145541	hyper	0.0323207579605566	True	311	hyper	False		False		False		False		paper_1149	197393.0
epykit_0132	chr16	20613051	20613623	5	3	0.09480455	0.0237936345477704	hyper	0.0444862029814949	True	573	hyper	False		False		False		False		paper_1152	299441.0
epykit_0133	chr16	27263033	27263386	5	3	-0.1439865	9.10074200186e-05	hypo	0.000324908843415	True	354	hypo	False		False		False		False		paper_1160	32858.0
epykit_0134	chr16	31006606	31006790	5	4	-0.18959276	1.7018897037204447e-06	hypo	9.801393987119932e-06	True	185	hypo	True	STX1B	True	STX1B	True	STX1B	False		paper_1168	0.0
epykit_0135	chr16	34740253	34740437	6	3	-0.09868014	0.0014580183417784	hypo	0.0037758310811157	True	185	hypo	False		False		False		False		paper_1170	3649351.0
epykit_0136	chr16	50117731	50118093	7	7	-0.28891334	2.1092946586728812e-19	hypo	1.163189696251733e-17	True	363	hypo	True	HEATR3	True	HEATR3	True	HEATR3	False		paper_1176	0.0
epykit_0137	chr16	67345492	67346127	6	3	-0.15052734	1.114143319410522e-06	hypo	6.609466759510541e-06	True	636	hypo	True	KCTD19	True	KCTD19	True	KCTD19	False		paper_1187	0.0
epykit_0138	chr16	70819029	70819211	7	4	-0.13570346	0.0049773456295366	hypo	0.010939068806976	True	183	hypo	True	VAC14	False		False		False		paper_1200	0.0
epykit_0139	chr16	80614165	80614604	7	4	-0.17474827	3.59503762057e-05	hypo	0.0001450063330663	True	440	hypo	True	DYNLRB2	True	DYNLRB2	True	DYNLRB2	False		paper_1214	0.0
epykit_0140	chr16	81553482	81553618	5	3	0.11349253	8.94799236434e-05	hyper	0.0003238516502509	True	137	hyper	False		False		False		False		paper_1218	46450.0
epykit_0141	chr16	88511863	88511918	6	3	-0.15931822	1.20095963981e-05	hypo	5.54126991705e-05	True	56	hypo	True	ZFPM1	True	ZFPM1	True	ZFPM1	False		paper_1241	0.0
epykit_0142	chr16	88651087	88651424	6	3	-0.080521815	0.0206992013396762	hypo	0.039639975381079	True	338	hypo	False		False		False		False		paper_1241	139139.0
epykit_0143	chr17	1848939	1849061	6	3	0.07575139	0.0044919400860058	hyper	0.0099554514827488	True	123	hyper	False		False		False		False		paper_1254	26635.0
epykit_0144	chr17	1911702	1911755	6	5	0.1610644	3.3591130883815533e-11	hyper	5.000641937232161e-10	True	54	hyper	True	RTN4RL1	True	RTN4RL1	True	RTN4RL1	True	RTN4RL1	paper_1255	0.0
epykit_0145	chr17	2703729	2703898	7	5	-0.12686554	0.0008574072494156	hypo	0.0023167613691402	True	170	hypo	True	RAP1GAP2	True	RAP1GAP2	False		False		paper_1258	0.0
epykit_0146	chr17	3488906	3488994	5	3	0.22221097	5.403768976500825e-06	hyper	2.80498271214e-05	True	89	hyper	False		False		False		False		paper_1261	152370.0
epykit_0147	chr17	3989565	3990051	9	5	-0.18114063	3.1011029881652155e-08	hypo	2.4714851087498533e-07	True	487	hypo	True	ZZEF1	True	ZZEF1	False		False		paper_1262	0.0
epykit_0148	chr17	5524329	5524666	5	4	-0.22383122	2.6570938417327734e-08	hypo	2.206786359081219e-07	True	338	hypo	True	NLRP1	True	NLRP1	True	NLRP1	False		paper_1272	0.0
epykit_0149	chr17	8283246	8283917	5	3	-0.09357847	9.18628694688e-05	hypo	0.0003264856036528	True	672	hypo	False		False		False		False		paper_1277	286077.0
epykit_0150	chr17	17108823	17108889	9	8	0.21238655	2.0746791738573452e-10	hyper	2.557690419021009e-09	True	67	hyper	False		False		False		False		paper_1294	547162.0
epykit_0151	chr17	18012704	18012822	5	3	0.09474055	0.0029549771521863	hyper	0.0070014323515765	True	119	hyper	False		False		False		False		paper_1296	36119.0
epykit_0152	chr17	18229094	18229363	7	4	-0.13057774	1.9574153789892923e-06	hypo	1.11913096668e-05	True	270	hypo	False		False		False		False		paper_1296	252509.0
epykit_0153	chr17	38630274	38630486	6	3	-0.08794149	5.98992009076e-05	hypo	0.0002294197549326	True	213	hypo	False		False		False		False		paper_1314	12793.0
epykit_0154	chr17	38717232	38717305	6	5	-0.19138427	3.077651851493749e-08	hypo	2.4714851087498533e-07	True	74	hypo	True	CCR7	False		False		False		paper_1315	0.0
epykit_0155	chr17	38755602	38755860	9	9	-0.38802344	1.5815900990340006e-23	hypo	3.1196864703445665e-21	True	259	hypo	True	CCR7	True	CCR7	True	CCR7	False		paper_1318	0.0
epykit_0156	chr17	43227941	43228322	5	3	-0.1278189	5.685124721e-05	hypo	0.0002198805590624	True	382	hypo	False		False		False		False		paper_1331	114545.0
epykit_0157	chr17	46163243	46163323	5	3	-0.107427396	0.0001990128363887	hypo	0.0006435292127487	True	81	hypo	False		False		False		False		paper_1333	5547.0
epykit_0158	chr17	62735838	62736094	7	5	-0.2638034	1.4572936295195378e-10	hypo	1.884925694575271e-09	True	257	hypo	True	SMURF2	True	SMURF2	True	SMURF2	False		paper_1362	0.0
epykit_0159	chr17	63053928	63054063	8	8	-0.30465913	7.798208771493681e-15	hypo	1.8644808244571258e-13	True	136	hypo	True	GNA13	True	GNA13	True	GNA13	False		paper_1366	0.0
epykit_0160	chr17	64360782	64361456	9	5	-0.15569845	1.0821396803637036e-06	hypo	6.468243998537592e-06	True	675	hypo	False		False		False		False		paper_1367	75777.0
epykit_0161	chr17	65574314	65574407	5	5	-0.27698267	1.4504940697421322e-09	hypo	1.5058418697717664e-08	True	94	hypo	True	PITPNC1	True	PITPNC1	False		False		paper_1369	0.0
epykit_0162	chr17	71024443	71024703	5	3	-0.14071131	4.530579721531664e-06	hypo	2.38308493352e-05	True	261	hypo	True	SLC39A11	True	SLC39A11	True	SLC39A11	True	SLC39A11	paper_1374	0.0
epykit_0163	chr17	73959725	73960171	6	3	0.06466989	0.0024330200612954	hyper	0.0059824902998475	True	447	hyper	False		False		False		False		paper_1383	289030.0
epykit_0164	chr17	75301492	75301643	6	3	-0.11489389	0.0037212017006698	hypo	0.0085848776076857	True	152	hypo	False		False		False		False		paper_1385	479392.0
epykit_0165	chr17	77034710	77035169	7	4	-0.19853976	2.1244103675519605e-06	hypo	1.20587034532e-05	True	460	hypo	True	C1QTNF1	True	C1QTNF1	True	C1QTNF1	False		paper_1391	0.0
epykit_0166	chr17	78560780	78560853	6	3	0.10664094	2.97901988141e-05	hyper	0.0001243622585417	True	74	hyper	False		False		False		False		paper_1395	11269.0
epykit_0167	chr18	2854832	2855076	5	3	-0.09183788	0.0064583698722589	hypo	0.0137948991333602	True	245	hypo	False		False		False		False		paper_1407	512782.0
epykit_0168	chr18	13223382	13223674	8	4	-0.1318616	0.0001332616921117	hypo	0.0004532046339491	True	293	hypo	True	LDLRAD4	True	LDLRAD4	False		False		paper_1419	0.0
epykit_0169	chr18	21631588	21631824	5	4	-0.28610617	3.9346153628034845e-09	hypo	3.7858677088438414e-08	True	237	hypo	True	TTC39C	True	TTC39C	True	TTC39C	False		paper_1423	0.0
epykit_0170	chr18	27336967	27337504	6	3	0.072044194	0.0184878576882687	hyper	0.0357522542059902	True	538	hyper	False		False		False		False		paper_1431	603833.0
epykit_0171	chr18	31415220	31415496	6	3	-0.09420694	0.0007841862186941	hypo	0.0021409097804486	True	277	hypo	False		False		False		False		paper_1435	742297.0
epykit_0172	chr18	46327062	46327153	5	3	-0.11976518	0.0005718721014955	hypo	0.0016172297063798	True	92	hypo	False		False		False		False		paper_1441	37822.0
epykit_0173	chr18	57576652	57576999	6	4	-0.2067492	1.732220765919553e-07	hypo	1.2768142788753708e-06	True	348	hypo	True	PMAIP1	True	PMAIP1	False		False		paper_1455	0.0
epykit_0174	chr18	60770890	60771310	5	3	0.085692085	0.0192741744811964	hyper	0.0370910333308878	True	421	hyper	False		False		False		False		paper_1459	41101.0
epykit_0175	chr18	60924813	60925089	5	5	-0.3265361	7.033666018276172e-10	hypo	7.602140395095753e-09	True	277	hypo	True	BCL2	True	BCL2	True	BCL2	False		paper_1463	0.0
epykit_0176	chr18	61694885	61695379	6	3	-0.10710177	0.0017906028083131	hypo	0.0045573729540614	True	495	hypo	True	SERPINB8	True	SERPINB8	True	SERPINB8	False		paper_1464	0.0
epykit_0177	chr18	72704100	72704589	10	6	-0.14671978	2.16589407854e-05	hypo	9.49383571094e-05	True	490	hypo	True	ZADH2	True	ZADH2	False		False		paper_1467	0.0
epykit_0178	chr18	72834248	72834583	5	4	0.07256019	0.0037847557340074	hyper	0.0087060416155448	True	336	hyper	False		False		False		False		paper_1467	129390.0
epykit_0179	chr18	74180282	74180664	6	3	0.025772357	0.0152946937283969	mixed	0.0306282064764091	True	383	hyper	False		False		False		False		paper_1469	11329.0
epykit_0180	chr19	2622717	2622811	6	3	0.13608536	5.66505830742e-05	hyper	0.0002198805590624	True	95	hyper	False		False		False		False		paper_1485	165345.0
epykit_0181	chr19	4719618	4720282	19	12	-0.20343316	2.8877840013625224e-20	hypo	2.531623974527811e-18	True	665	hypo	True	DPP9	True	DPP9	False		False		paper_1496	0.0
epykit_0182	chr19	6020648	6020743	6	3	0.103449486	0.0002762379648593	hyper	0.0008497893018704	True	96	hyper	False		False		False		False		paper_1499	33290.0
epykit_0183	chr19	13118542	13118679	8	4	0.08829666	7.09758630435e-05	hyper	0.0002641507355725	True	138	hyper	False		False		False		False		paper_1513	148714.0
epykit_0184	chr19	16688458	16688591	6	4	-0.1738183	8.01719757284e-05	hypo	0.0002942125062778	True	134	hypo	True	CTC-429P9.4	True	CTC-429P9.4	True	CTC-429P9.4	False		paper_1532	0.0
epykit_0185	chr19	17542730	17543368	6	3	0.09844934	0.0040351471529069	hyper	0.0091441217031308	True	639	hyper	False		False		False		False		paper_1537	61136.0
epykit_0186	chr19	18175708	18175835	6	3	0.08071032	0.0154098201101189	hyper	0.0307806280174275	True	128	hyper	False		False		False		False		paper_1539	229672.0
epykit_0187	chr19	29013924	29014134	5	3	0.08441952	9.80954222447e-05	hyper	0.0003470730410363	True	211	hyper	False		False		False		False		paper_1549	1143986.0
epykit_0188	chr19	34626377	34626543	6	3	0.11127034	0.0001197892367288	hyper	0.0004145338060484	True	167	hyper	False		False		False		False		paper_1554	196077.0
epykit_0189	chr19	35480225	35480459	6	6	-0.34926125	2.1080262810308607e-16	hypo	5.940116913333391e-15	True	235	hypo	True	GRAMD1A	True	GRAMD1A	True	GRAMD1A	False		paper_1555	0.0
epykit_0190	chr19	35481389	35481960	15	9	-0.15753411	6.9800337563275995e-09	hypo	6.403775155514505e-08	True	572	hypo	True	GRAMD1A	True	GRAMD1A	False		False		paper_1556	0.0
epykit_0191	chr19	45427822	45427947	6	3	-0.09366361	0.0093752512358378	hypo	0.0192632115236356	True	126	hypo	False		False		False		False		paper_1583	22186.0
epykit_0192	chr19	45491621	45491769	6	5	-0.2112267	1.4827533266712006e-08	hypo	1.3294231531177017e-07	True	149	hypo	True	CLPTM1	True	CLPTM1	True	CLPTM1	True	CLPTM1	paper_1585	0.0
epykit_0193	chr19	46760260	46760487	5	3	0.12751201	3.336036272208229e-06	hyper	1.81526387501e-05	True	228	hyper	False		False		False		False		paper_1588	214556.0
epykit_0194	chr19	49107000	49107068	6	3	0.053587794	0.0131233650987588	hyper	0.0265495770844122	True	69	hyper	False		False		False		False		paper_1592	230623.0
epykit_0195	chr19	49982276	49982651	5	3	0.17655723	0.0001225168485635	hyper	0.0004221213690684	True	376	hyper	False		False		False		False		paper_1596	58053.0
epykit_0196	chr19	51046529	51046775	5	3	-0.07510458	0.0034254608275635	hypo	0.0079725327225593	True	247	hypo	False		False		False		False		paper_1598	126239.0
epykit_0197	chr2	3226904	3227230	10	5	-0.18579456	7.390054386153343e-07	hypo	4.519963496647277e-06	True	327	hypo	True	TSSC1	True	TSSC1	True	TSSC1	False		paper_1618	0.0
epykit_0198	chr2	7576415	7576772	7	4	-0.21653931	3.085233299281937e-09	hypo	3.1208321450428825e-08	True	358	hypo	True	RNF144A	True	RNF144A	True	RNF144A	False		paper_1620	0.0
epykit_0199	chr2	8915456	8915582	5	5	-0.36940843	5.969342655204403e-17	hypo	1.962421397898448e-15	True	127	hypo	True	KIDINS220	True	KIDINS220	True	KIDINS220	True	KIDINS220	paper_1628	0.0
epykit_0200	chr2	20639008	20639300	6	3	0.12914427	0.0001668159169583	hyper	0.0005577023664413	True	293	hyper	False		False		False		False		paper_1644	152706.0
epykit_0201	chr2	25318550	25318815	5	3	-0.09716207	0.0004527157005502	hypo	0.0013036229479348	True	266	hypo	False		False		False		False		paper_1649	98209.0
epykit_0202	chr2	25461583	25461916	5	3	0.11055287	0.0004099077617377	hyper	0.0012022945130522	True	334	hyper	False		False		False		False		paper_1650	165460.0
epykit_0203	chr2	30359847	30360082	5	3	-0.16052978	0.0001906269010839	hypo	0.000624085580727	True	236	hypo	True	YPEL5	False		False		False		paper_1664	0.0
epykit_0204	chr2	30372599	30373186	5	5	-0.358419	1.0690844219162653e-12	hypo	1.9170627474816664e-11	True	588	hypo	True	YPEL5	False		False		False		paper_1665	0.0
epykit_0205	chr2	33756448	33756655	6	5	-0.35564914	5.092421538124284e-16	hypo	1.3854898598551928e-14	True	208	hypo	True	RASGRP3	True	RASGRP3	True	RASGRP3	False		paper_1669	0.0
epykit_0206	chr2	43082021	43082218	5	3	-0.10210643	0.0003033270640247	hypo	0.0009142344523732	True	198	hypo	False		False		False		False		paper_1677	1271021.0
epykit_0207	chr2	50345255	50346276	8	4	-0.08301565	0.0012639579973911	hypo	0.0033242095331388	True	1022	hypo	False		False		False		False		paper_1685	2007037.0
epykit_0208	chr2	52017563	52017987	5	3	-0.1296958	0.000370763952241	hypo	0.0010915401429783	True	425	hypo	False		False		False		False		paper_1686	2731928.0
epykit_0209	chr2	65521245	65521486	7	6	-0.3313472	1.781673935658278e-18	hypo	7.398635448602008e-17	True	242	hypo	True	ACTR2	True	ACTR2	True	ACTR2	False		paper_1696	0.0
epykit_0210	chr2	71057518	71057902	6	3	-0.105787314	0.0070793588349856	hypo	0.014855356704265	True	385	hypo	False		False		False		False		paper_1706	311695.0
epykit_0211	chr2	78504286	78505111	6	3	-0.06985558	0.0013870795792362	hypo	0.0036119002904865	True	826	hypo	False		False		False		False		paper_1710	3799719.0
epykit_0212	chr2	86464455	86464603	5	4	-0.28290147	4.5834656446625207e-10	hypo	5.2410933241141e-09	True	149	hypo	True	REEP1	True	REEP1	True	REEP1	False		paper_1718	0.0
epykit_0213	chr2	98274876	98274971	6	3	0.055276126	0.0063465662688421	hyper	0.0136442528232055	True	96	hyper	False		False		False		False		paper_1733	1268.0
epykit_0214	chr2	100898115	100898486	8	4	-0.20625228	2.8462297869961284e-08	hypo	2.339245106187443e-07	True	372	hypo	False		False		False		False		paper_1739	113317.0
epykit_0215	chr2	101011803	101012031	9	8	-0.24691974	7.372411463862182e-15	hypo	1.8177602015585192e-13	True	229	hypo	True	CHST10	True	CHST10	True	CHST10	False		paper_1739	0.0
epykit_0216	chr2	102246843	102246985	5	4	-0.19069722	3.40799175921e-05	hypo	0.0001393215283948	True	143	hypo	True	MAP4K4	True	MAP4K4	True	MAP4K4	False		paper_1744	0.0
epykit_0217	chr2	112493403	112493531	6	3	-0.15478767	0.0003205964912821	hypo	0.0009558430548401	True	129	hypo	False		False		False		False		paper_1757	213095.0
epykit_0218	chr2	127980695	127981099	6	3	0.067751236	0.0105591746090227	hyper	0.0214721359961828	True	405	hyper	False		False		False		False		paper_1774	24904.0
epykit_0219	chr2	131507777	131508425	5	3	-0.13698693	1.01577500238e-05	hypo	4.85725137503e-05	True	649	hypo	False		False		False		False		paper_1781	604855.0
epykit_0220	chr2	137067633	137068481	12	7	-0.15350413	2.1330094252114058e-07	hypo	1.5439857215521091e-06	True	849	hypo	True	CXCR4	True	CXCR4	False		False		paper_1785	0.0
epykit_0221	chr2	154143585	154143723	6	3	0.046445217	0.0256726020664099	hyper	0.0473263622205548	True	139	hyper	False		False		False		False		paper_1792	1062786.0
epykit_0222	chr2	173419735	173419824	5	4	-0.21277133	4.084959075040465e-06	hypo	2.17772480419e-05	True	90	hypo	True	PDK1	False		False		False		paper_1806	0.0
epykit_0223	chr2	177752832	177753022	6	3	0.0771996	5.73428342165e-05	hyper	0.000220699981448	True	191	hyper	False		False		False		False		paper_1813	1185306.0
epykit_0224	chr2	179392999	179393122	5	3	-0.1479297	0.0001420988843309	hypo	0.0004811846340647	True	124	hypo	False		False		False		False		paper_1814	171826.0
epykit_0225	chr2	185876754	185877004	5	3	-0.07522295	0.0055097326548768	hypo	0.0119756999027489	True	251	hypo	False		False		False		False		paper_1816	3846417.0
epykit_0226	chr2	191657775	191658419	8	8	-0.32812428	6.323008031851445e-17	hypo	1.995541334852316e-15	True	645	hypo	True	GLS	True	GLS	True	GLS	False		paper_1819	0.0
epykit_0227	chr2	204450732	204451511	11	6	-0.104754426	3.15796967134e-05	hypo	0.0001304522550098	True	780	hypo	False		False		False		False		paper_1834	307000.0
epykit_0228	chr2	206611829	206612345	8	4	-0.100864165	1.12360570471e-05	hypo	5.34051145191e-05	True	517	hypo	True	NRP2	False		False		False		paper_1837	0.0
epykit_0229	chr2	208199169	208199865	21	11	-0.2414204	2.445814776144996e-24	hypo	6.432492861261339e-22	True	697	hypo	True	KLF7	True	KLF7	False		False		paper_1841	0.0
epykit_0230	chr2	214180154	214180601	7	4	-0.15127786	0.0001730020500592	hypo	0.0005711239225804	True	448	hypo	False		False		False		False		paper_1848	68508.0
epykit_0231	chr2	218499043	218499497	6	3	-0.04773624	0.0091385683894653	mixed	0.0188752106264087	True	455	hypo	False		False		False		False		paper_1850	16256.0
epykit_0232	chr2	231670531	231670600	5	3	-0.13027486	2.20941906682e-05	hypo	9.63111405373e-05	True	70	hypo	False		False		False		False		paper_1866	3067.0
epykit_0233	chr2	231838859	231839246	9	5	-0.156168	7.383123379985712e-08	hypo	5.655615870688084e-07	True	388	hypo	True	GPR55	True	GPR55	True	GPR55	True	GPR55	paper_1868	0.0
epykit_0234	chr2	235399668	235399819	8	4	-0.18421882	7.118414836967932e-07	hypo	4.387835395599764e-06	True	152	hypo	False		False		False		False		paper_1871	496056.0
epykit_0235	chr2	238809774	238810121	7	5	-0.2195814	6.138381952334293e-10	hypo	6.821385014636277e-09	True	348	hypo	True	RAMP1	True	RAMP1	True	RAMP1	True	RAMP1	paper_1877	0.0
epykit_0236	chr20	15939851	15940236	5	3	-0.08481765	0.000580062315198	hypo	0.0016345327381831	True	386	hypo	False		False		False		False		paper_1898	1674310.0
epykit_0237	chr20	21422059	21422164	5	3	-0.1450652	0.0004820900424081	hypo	0.0013731734420939	True	106	hypo	False		False		False		False		paper_1903	287614.0
epykit_0238	chr20	24932695	24932870	5	3	0.16139232	0.0002582657828119	hyper	0.0008092249955586	True	176	hyper	False		False		False		False		paper_1907	1334587.0
epykit_0239	chr20	25127997	25128210	5	3	-0.053516615	0.0141077407611373	hypo	0.0283400721705051	True	214	hypo	False		False		False		False		paper_1907	1529889.0
epykit_0240	chr20	25990463	25990541	6	4	0.14598008	0.0048654020593981	hyper	0.0107229112426399	True	79	hyper	False		False		False		False		paper_1907	2392355.0
epykit_0241	chr20	30674379	30674559	5	3	-0.08192189	0.0199501634410922	hypo	0.0382984889416588	True	181	hypo	False		False		False		False		paper_1911	83967.0
epykit_0242	chr20	31000968	31001523	6	3	-0.094267696	0.0243738858770707	hypo	0.0452494022517854	True	556	hypo	False		False		False		False		paper_1913	20571.0
epykit_0243	chr20	31553169	31553364	6	3	-0.1394225	3.943982024096139e-06	hypo	2.11687198436e-05	True	196	hypo	False		False		False		False		paper_1914	335762.0
epykit_0244	chr20	40133892	40134172	5	5	-0.24738446	5.264384506823581e-10	hypo	5.93371339411972e-09	True	281	hypo	True	CHD6	True	CHD6	False		False		paper_1932	0.0
epykit_0245	chr20	49093893	49094354	5	3	0.047970407	0.0137235651954723	hyper	0.0276928208164391	True	462	hyper	False		False		False		False		paper_1947	51232.0
epykit_0246	chr20	54796739	54797128	5	3	-0.13028866	4.10204155728e-05	hypo	0.0001634601408434	True	390	hypo	False		False		False		False		paper_1954	229084.0
epykit_0247	chr20	56566754	56567079	5	4	-0.16699673	2.5101433875919847e-10	hypo	2.955974825089666e-09	True	326	hypo	False		False		False		False		paper_1955	404639.0
epykit_0248	chr20	62870522	62870864	7	4	-0.20455858	3.181899778118812e-07	hypo	2.1830599347267323e-06	True	343	hypo	True	PCMTD2	True	PCMTD2	True	PCMTD2	False		paper_1967	0.0
epykit_0249	chr21	18733315	18733528	6	3	0.14887415	0.0002745364757358	hyper	0.0008497893018704	True	214	hyper	False		False		False		False		paper_1969	269709.0
epykit_0250	chr21	20338889	20339101	5	3	0.0997715	0.0033435939846977	hyper	0.0078050167275931	True	213	hyper	False		False		False		False		paper_1969	1335591.0
epykit_0251	chr21	32710820	32711153	12	7	-0.23811565	4.494566307729319e-19	hypo	2.086007539293195e-17	True	334	hypo	True	TIAM1	True	TIAM1	True	TIAM1	False		paper_1976	0.0
epykit_0252	chr21	43683982	43684133	6	3	0.09496672	1.339999313333472e-06	hyper	7.773966604559628e-06	True	152	hyper	True	ABCG1	False		False		False		paper_1994	0.0
epykit_0253	chr21	43832003	43832216	7	5	-0.100178815	0.0044095026028677	hypo	0.0098558004353048	True	214	hypo	False		False		False		False		paper_1995	1579.0
epykit_0254	chr21	45604896	45605082	7	5	-0.19449915	8.665672747627142e-07	hypo	5.259396767598319e-06	True	187	hypo	True	AP001055.1	True	AP001055.1	True	AP001055.1	True	AP001055.1	paper_2003	0.0
epykit_0255	chr21	45722067	45722262	5	3	0.18475325	7.716242431797776e-06	hyper	3.73504004827e-05	True	196	hyper	False		False		False		False		paper_2004	53702.0
epykit_0256	chr21	47581023	47581111	6	3	0.24234374	5.4097203539537e-07	hyper	3.4421527090882817e-06	True	89	hyper	True	FTCD	True	FTCD	True	FTCD	False		paper_2006	0.0
epykit_0257	chr22	18565828	18566088	6	3	-0.08429816	0.0007209567712376	hypo	0.0020029397623467	True	261	hypo	False		False		False		False		paper_2010	20677.0
epykit_0258	chr22	26039219	26039555	7	6	-0.3293527	1.5281457438657204e-19	hypo	9.274669168538872e-18	True	337	hypo	True	ADRBK2	True	ADRBK2	False		False		paper_2022	0.0
epykit_0259	chr22	30744577	30745110	6	3	-0.13403572	0.0001294123157209	hypo	0.000442018688761	True	534	hypo	False		False		False		False		paper_2028	66174.0
epykit_0260	chr22	32889122	32889193	6	3	-0.11549464	6.799419805573536e-06	hypo	3.41703326534e-05	True	72	hypo	False		False		False		False		paper_2033	697383.0
epykit_0261	chr22	36054501	36054805	9	9	-0.2631919	7.227583451182408e-21	hypo	8.146519061404172e-19	True	305	hypo	True	APOL6	True	APOL6	True	APOL6	False		paper_2036	0.0
epykit_0262	chr22	39095377	39095570	5	3	0.0662083	0.0041902654408437	hyper	0.0094191436832641	True	194	hyper	False		False		False		False		paper_2043	53485.0
epykit_0263	chr22	39495663	39496163	5	4	-0.1470268	0.0175944427359315	hypo	0.0341921559572659	True	501	hypo	True	APOBEC3H	False		False		False		paper_2044	0.0
epykit_0264	chr22	43622027	43622458	6	3	0.08128222	0.0083554815714279	hyper	0.0173943930339225	True	432	hyper	False		False		False		False		paper_2049	1194590.0
epykit_0265	chr22	45984286	45984715	6	3	0.1418802	0.0020059870327023	hyper	0.00503122060562	True	430	hyper	False		False		False		False		paper_2053	9212.0
epykit_0266	chr22	46625614	46625989	6	3	0.08918911	2.86719829445e-05	hyper	0.0001209743023703	True	376	hyper	False		False		False		False		paper_2054	590046.0
epykit_0267	chr3	1295005	1295409	6	3	0.05440684	0.0104854610891986	hyper	0.0213773353989088	True	405	hyper	False		False		False		False		paper_2062	717369.0
epykit_0268	chr3	9800139	9800836	5	3	0.08407988	1.62405265299e-05	hyper	7.23942114809e-05	True	698	hyper	False		False		False		False		paper_2071	51598.0
epykit_0269	chr3	9906090	9906403	5	3	0.13308172	0.0021381131892691	hyper	0.0052883113051201	True	314	hyper	False		False		False		False		paper_2072	51768.0
epykit_0270	chr3	11482966	11483284	5	3	-0.13245137	3.80430591681e-05	hypo	0.0001523653486479	True	319	hypo	False		False		False		False		paper_2076	182749.0
epykit_0271	chr3	12944258	12944315	6	3	0.1547215	1.18829453762e-05	hyper	5.54126991705e-05	True	58	hyper	True	IQSEC1	False		False		False		paper_2079	0.0
epykit_0272	chr3	16551739	16552337	5	4	-0.356268	3.451069983043176e-11	hypo	5.042396697446418e-10	True	599	hypo	True	RFTN1	True	RFTN1	False		False		paper_2089	0.0
epykit_0273	chr3	53216989	53217094	6	3	0.12032237	0.0014596051707735	hyper	0.0037758310811157	True	106	hyper	False		False		False		False		paper_2135	413004.0
epykit_0274	chr3	62352133	62352852	6	3	-0.10408536	0.0004361903381665	hypo	0.0012707740266898	True	720	hypo	False		False		False		False		paper_2145	132710.0
epykit_0275	chr3	71922555	71923072	6	3	-0.11760061	0.0003021632921165	hypo	0.0009142344523732	True	518	hypo	False		False		False		False		paper_2152	264112.0
epykit_0276	chr3	75445586	75445779	10	5	0.19539432	5.687889434928992e-07	hyper	3.59019581132718e-06	True	194	hyper	True	FRG2C	True	FRG2C	True	FRG2C	True	FRG2C	paper_2155	0.0
epykit_0277	chr3	85212505	85212701	6	3	0.08746346	0.0007534149250561	hyper	0.0020712347591263	True	197	hyper	False		False		False		False		paper_2160	2985378.0
epykit_0278	chr3	90211564	90212063	6	3	0.0720868	0.0068372754819946	hyper	0.014501640740037	True	500	hyper	False		False		False		False		paper_2161	1034181.0
epykit_0279	chr3	119281437	119281927	5	5	-0.30812675	6.41305163016762e-10	hypo	7.027635744725351e-09	True	491	hypo	True	CD80	True	CD80	True	CD80	True	CD80	paper_2174	0.0
epykit_0280	chr3	119290610	119290875	5	3	-0.30079597	1.1331055988803097e-07	hypo	8.596349206890041e-07	True	266	hypo	True	ADPRH	True	ADPRH	True	ADPRH	False		paper_2175	0.0
epykit_0281	chr3	134125815	134125865	5	3	0.12890348	0.0024651843903809	hyper	0.006021766204367	True	51	hyper	False		False		False		False		paper_2197	94126.0
epykit_0282	chr3	151878221	151878734	5	3	-0.17540416	1.2641072915551682e-06	hypo	7.388004837311317e-06	True	514	hypo	True	MBNL1	False		False		False		paper_2215	0.0
epykit_0283	chr3	154037702	154038133	6	3	-0.13326554	0.0018452365719854	hypo	0.004681323650471	True	432	hypo	False		False		False		False		paper_2216	1512204.0
epykit_0284	chr3	196749820	196749949	6	4	-0.06833194	0.0268788153883035	hypo	0.0494344646652015	True	130	hypo	False		False		False		False		paper_2262	89568.0
epykit_0285	chr3	197115185	197115437	6	3	0.049969304	0.0102045905699756	hyper	0.0208586061132402	True	253	hyper	False		False		False		False		paper_2263	198478.0
epykit_0286	chr4	873391	873760	12	8	-0.25874028	5.3874176544530255e-17	hypo	1.8481184910275817e-15	True	370	hypo	True	GAK	True	GAK	True	GAK	False		paper_2267	0.0
epykit_0287	chr4	2335879	2335982	6	4	0.16257028	1.46357432468e-05	hyper	6.59862938387e-05	True	104	hyper	False		False		False		False		paper_2271	114719.0
epykit_0288	chr4	26874742	26875277	6	3	-0.07369029	0.0117045206127258	hypo	0.0237400173867369	True	536	hypo	False		False		False		False		paper_2301	532667.0
epykit_0289	chr4	33751278	33751818	6	3	-0.08409504	0.0001507346088694	hypo	0.000508246181188	True	541	hypo	False		False		False		False		paper_2302	3471443.0
epykit_0290	chr4	38732484	38732622	6	4	-0.21442194	6.25226768357926e-07	hypo	3.884282836491368e-06	True	139	hypo	True	TLR10	True	TLR10	True	TLR10	True	TLR10	paper_2305	0.0
epykit_0291	chr4	42255924	42256385	6	3	-0.056496125	0.0064690908483438	hypo	0.0137948991333602	True	462	hypo	False		False		False		False		paper_2313	24456.0
epykit_0292	chr4	56207521	56207688	5	3	-0.22676234	4.495158875883608e-06	hypo	2.38032238461e-05	True	168	hypo	True	SRD5A3	True	SRD5A3	True	SRD5A3	False		paper_2319	0.0
epykit_0293	chr4	88041435	88041727	5	3	-0.12045942	0.0007614034848206	hypo	0.0020859282969566	True	293	hypo	False		False		False		False		paper_2334	100679.0
epykit_0294	chr4	96137436	96137784	5	3	0.08984117	0.0214629523543972	hyper	0.0409040323855541	True	349	hyper	False		False		False		False		paper_2337	3588.0
epykit_0295	chr4	98946827	98947267	5	3	-0.10240493	0.0020988115291276	hypo	0.0052074286052883	True	441	hypo	False		False		False		False		paper_2338	1535133.0
epykit_0296	chr4	100573750	100573849	5	3	0.090601206	3.49221093673e-05	hyper	0.0001420285788186	True	100	hyper	False		False		False		False		paper_2338	91325.0
epykit_0297	chr4	103517412	103517999	7	6	-0.25487748	1.4733701491670094e-12	hypo	2.527150103679936e-11	True	588	hypo	False		False		False		False		paper_2342	2004.0
epykit_0298	chr4	103520169	103520553	6	6	-0.39056602	1.4482240133138436e-20	hypo	1.4283109331307782e-18	True	385	hypo	True	NFKB1	True	NFKB1	True	NFKB1	False		paper_2342	0.0
epykit_0299	chr4	111940499	111940816	5	3	-0.097253546	0.0026356350355588	hypo	0.0063593762784586	True	318	hypo	False		False		False		False		paper_2350	1222752.0
epykit_0300	chr4	139221175	139221422	5	3	-0.22947891	2.1709862288276973e-07	hypo	1.5571892132227758e-06	True	248	hypo	True	SLC7A11	True	SLC7A11	True	SLC7A11	True	SLC7A11	paper_2354	0.0
epykit_0301	chr4	160841844	160842363	6	3	-0.07767159	0.0030400444775689	hypo	0.0071814224335385	True	520	hypo	False		False		False		False		paper_2372	1799676.0
epykit_0302	chr4	164097113	164097498	5	3	-0.13129885	0.0013481939326418	hypo	0.0035222682544847	True	386	hypo	False		False		False		False		paper_2373	677955.0
epykit_0303	chr4	165603247	165603401	5	3	-0.0933194	6.18420406755e-05	hypo	0.0002357167637344	True	155	hypo	False		False		False		False		paper_2373	2184089.0
epykit_0304	chr4	167064357	167064735	6	3	-0.0716115	0.0232683765085062	hypo	0.0437113072981223	True	379	hypo	False		False		False		False		paper_2374	2039241.0
epykit_0305	chr4	188094775	188095005	5	3	0.04630822	0.0270127044828168	hyper	0.0495651717138197	True	231	hyper	False		False		False		False		paper_2393	859036.0
epykit_0306	chr4	190522152	190522386	5	3	0.10624323	0.0044789693908574	hyper	0.0099546671813706	True	235	hyper	False		False		False		False		paper_2395	44139.0
epykit_0307	chr5	343703	343764	6	3	0.15325972	0.0020614066787068	hyper	0.0051307566861189	True	62	hyper	False		False		False		False		paper_2397	26008.0
epykit_0308	chr5	14446179	14446293	5	3	0.09110483	0.0033089970305841	hyper	0.0077471770241272	True	115	hyper	False		False		False		False		paper_2410	867441.0
epykit_0309	chr5	26774211	26774723	5	4	0.06349808	0.0176958714162315	hyper	0.0343047728437511	True	513	hyper	False		False		False		False		paper_2414	5398157.0
epykit_0310	chr5	36679704	36679941	7	4	-0.16705084	7.562839083312549e-06	hypo	3.70626089238e-05	True	238	hypo	False		False		False		False		paper_2417	139461.0
epykit_0311	chr5	55454957	55455410	5	3	0.084256865	0.0033083967953496	hyper	0.0077471770241272	True	454	hyper	False		False		False		False		paper_2418	1682167.0
epykit_0312	chr5	68728481	68728785	5	3	-0.21090584	1.747730571844614e-07	hypo	1.2768142788753708e-06	True	305	hypo	True	MARVELD2	True	MARVELD2	True	MARVELD2	True	MARVELD2	paper_2433	0.0
epykit_0313	chr5	70819776	70820059	9	7	-0.28620148	1.5633789836616624e-16	hypo	4.568540807811302e-15	True	284	hypo	True	BDP1	True	BDP1	True	BDP1	True	BDP1	paper_2435	0.0
epykit_0314	chr5	78884696	78884925	5	4	-0.3177219	1.6319848519932642e-10	hypo	2.0768323358430413e-09	True	230	hypo	True	PAPD4	True	PAPD4	False		False		paper_2444	0.0
epykit_0315	chr5	79388492	79388613	5	3	-0.11251118	0.0069506341561111	hypo	0.0146632362277317	True	122	hypo	False		False		False		False		paper_2445	164328.0
epykit_0316	chr5	106745347	106745791	6	3	0.09020135	0.0068768447373556	hyper	0.014546462460519	True	445	hyper	False		False		False		False		paper_2454	1456260.0
epykit_0317	chr5	121721360	121721589	5	3	-0.06017647	0.0028688748461409	hypo	0.0068592189503188	True	230	hypo	False		False		False		False		paper_2458	306053.0
epykit_0318	chr5	131999388	131999990	11	6	-0.14299811	2.5780070341221434e-06	hypo	1.43242785205e-05	True	603	hypo	True	IL13	True	IL13	False		False		paper_2464	0.0
epykit_0319	chr5	140710475	140710524	5	3	0.14614809	0.000604549331583	hyper	0.0016974712548719	True	50	hyper	False		False		False		False		paper_2481	84065.0
epykit_0320	chr5	142412848	142413436	6	3	-0.08932617	0.0001703603511909	hypo	0.0005647660381918	True	589	hypo	False		False		False		False		paper_2487	67852.0
epykit_0321	chr5	142586012	142586180	6	5	-0.28087634	1.9219198491648287e-10	hypo	2.406975811096904e-09	True	169	hypo	True	ARHGAP26	True	ARHGAP26	True	ARHGAP26	False		paper_2488	0.0
epykit_0322	chr5	142593452	142593645	6	6	-0.39607415	9.741158137137217e-18	hypo	3.659892271524411e-16	True	194	hypo	True	ARHGAP26	True	ARHGAP26	True	ARHGAP26	False		paper_2489	0.0
epykit_0323	chr5	146484970	146485412	5	3	0.07892482	0.0035248756422587	hyper	0.0081797849463005	True	443	hyper	False		False		False		False		paper_2492	348779.0
epykit_0324	chr5	157038757	157039264	6	4	-0.16693294	5.33048248728e-05	hypo	0.0002092413274859	True	508	hypo	False		False		False		False		paper_2501	29267.0
epykit_0325	chr5	172242737	172243002	6	3	-0.10764888	0.0271964797440371	hypo	0.0497865951694787	True	266	hypo	False		False		False		False		paper_2510	72099.0
epykit_0326	chr6	357056	357502	12	6	-0.13887945	1.5225438914350143e-08	hypo	1.334763478158029e-07	True	447	hypo	True	IRF4	True	IRF4	True	IRF4	False		paper_2532	0.0
epykit_0327	chr6	1257703	1258198	5	3	0.082797274	0.0041044665682755	hyper	0.0092526403496268	True	496	hyper	False		False		False		False		paper_2537	396401.0
epykit_0328	chr6	3209729	3210233	7	4	-0.18137945	1.2272629064322901e-07	hypo	9.222004125476924e-07	True	505	hypo	True	TUBB2B	True	TUBB2B	True	TUBB2B	False		paper_2542	0.0
epykit_0329	chr6	14954202	14954689	8	4	-0.15342247	7.461285844976955e-06	hypo	3.6793465823e-05	True	488	hypo	False		False		False		False		paper_2566	14992.0
epykit_0330	chr6	16564018	16564172	7	4	0.07087529	0.0236630017726592	hyper	0.0443470508280953	True	155	hyper	False		False		False		False		paper_2573	49639.0
epykit_0331	chr6	30495425	30496112	8	4	-0.07281343	0.0174721395896023	hypo	0.03412256964405	True	688	hypo	False		False		False		False		paper_2594	11870.0
epykit_0332	chr6	39193211	39193871	5	3	0.12692603	0.0040447382438437	hyper	0.0091441217031308	True	661	hyper	False		False		False		False		paper_2615	18861.0
epykit_0333	chr6	78151838	78151991	5	3	-0.118387446	1.79898424227e-05	hypo	7.92960093384e-05	True	154	hypo	False		False		False		False		paper_2640	1772133.0
epykit_0334	chr6	86260376	86261004	8	4	-0.103776745	0.0058001954640523	mixed	0.0125379567702392	True	629	hypo	True	SNX14	False		False		False		paper_2644	0.0
epykit_0335	chr6	89723004	89723525	6	4	-0.30702543	9.117998964326264e-11	hypo	1.2193391835344784e-09	True	522	hypo	True	AL079342.1	True	AL079342.1	True	AL079342.1	False		paper_2645	0.0
epykit_0336	chr6	114449222	114449695	6	3	-0.08136807	0.0065383622578744	hypo	0.0139050345591993	True	474	hypo	False		False		False		False		paper_2660	347908.0
epykit_0337	chr6	114862125	114862261	5	3	0.08530017	0.0018747218493773	hyper	0.0047257365468329	True	137	hyper	False		False		False		False		paper_2660	64249.0
epykit_0338	chr6	143521719	143522060	6	4	-0.19334136	4.998750837850839e-06	hypo	2.61193007355e-05	True	342	hypo	True	AIG1	True	AIG1	True	AIG1	False		paper_2680	0.0
epykit_0339	chr6	167878870	167879084	5	3	-0.047693588	0.0232495651928268	hypo	0.0437113072981223	True	215	hypo	False		False		False		False		paper_2713	354106.0
epykit_0340	chr7	440715	441042	6	3	0.10619232	0.0029462823097245	hyper	0.0070014323515765	True	328	hyper	False		False		False		False		paper_2721	67430.0
epykit_0341	chr7	2089965	2090180	5	3	-0.21394253	1.31319775275e-05	hypo	5.98909264117e-05	True	216	hypo	True	MAD1L1	True	MAD1L1	True	MAD1L1	True	MAD1L1	paper_2729	0.0
epykit_0342	chr7	4047189	4047321	6	3	-0.11866835	2.84995939782e-05	hypo	0.0001209743023703	True	133	hypo	False		False		False		False		paper_2736	136627.0
epykit_0343	chr7	5408449	5408705	6	3	0.08147181	0.0036457754314326	hyper	0.0084355331829923	True	257	hyper	False		False		False		False		paper_2740	128168.0
epykit_0344	chr7	28519089	28519453	7	6	-0.37524006	2.211387255231432e-19	hypo	1.163189696251733e-17	True	365	hypo	True	CREB5	True	CREB5	True	CREB5	False		paper_2768	0.0
epykit_0345	chr7	34237376	34237479	5	3	-0.07168652	0.0011230707847126	hypo	0.0029734994937525	True	104	hypo	False		False		False		False		paper_2785	363336.0
epykit_0346	chr7	92431003	92431276	6	3	0.060013782	0.0216720038101519	hyper	0.0412029180872526	True	274	hyper	False		False		False		False		paper_2837	1534358.0
epykit_0347	chr7	95951924	95952269	5	3	-0.11790593	0.0003037560005442	hypo	0.0009142344523732	True	346	hypo	False		False		False		False		paper_2838	35465.0
epykit_0348	chr7	98739495	98739626	6	4	-0.28154847	1.897595602576819e-13	hypo	3.743007326082775e-12	True	132	hypo	True	SMURF1	True	SMURF1	False		False		paper_2841	0.0
epykit_0349	chr7	101629035	101629309	6	3	-0.111216895	0.0014840564438419	hypo	0.0038140734012745	True	275	hypo	False		False		False		False		paper_2848	3289.0
epykit_0350	chr7	105429260	105429604	9	8	-0.25255495	1.947583211489453e-18	hypo	7.68321576932589e-17	True	345	hypo	True	ATXN7L1	True	ATXN7L1	True	ATXN7L1	False		paper_2855	0.0
epykit_0351	chr7	128235077	128235458	6	3	0.10755432	0.0042438278359573	hyper	0.0095124436436657	True	382	hyper	False		False		False		False		paper_2865	478493.0
epykit_0352	chr7	130716301	130716465	5	3	-0.3021806	1.3358828069401707e-09	hypo	1.4243399117240473e-08	True	165	hypo	True	MKLN1	True	MKLN1	False		False		paper_2870	0.0
epykit_0353	chr7	139353944	139354371	6	3	-0.104638	0.0096937283198842	hypo	0.0198658484269836	True	428	hypo	False		False		False		False		paper_2876	98061.0
epykit_0354	chr7	145220707	145220914	5	3	0.10903962	0.0038225832961785	hyper	0.0087674948275724	True	208	hyper	False		False		False		False		paper_2883	554778.0
epykit_0355	chr7	147906626	147906986	5	4	-0.18970962	3.68922618261995e-07	hypo	2.484349355137772e-06	True	361	hypo	False		False		False		False		paper_2884	338202.0
epykit_0356	chr7	155939246	155939772	5	3	0.07835822	0.015511581812755	hyper	0.0309056516420801	True	527	hyper	False		False		False		False		paper_2904	63648.0
epykit_0357	chr8	1378431	1378975	5	3	-0.100564755	0.0010233876080278	hypo	0.0027278811578849	True	545	hypo	True	DLGAP2	False		False		False		paper_2915	0.0
epykit_0358	chr8	3804398	3804980	6	3	-0.0775832	0.0020296604254027	hypo	0.005067728087477	True	583	hypo	False		False		False		False		paper_2919	176584.0
epykit_0359	chr8	11436047	11436130	5	3	-0.14623508	0.000981568766976	hypo	0.0026342100583131	True	84	hypo	False		False		False		False		paper_2930	190503.0
epykit_0360	chr8	11600145	11600276	7	4	-0.043859404	0.0169341039037534	hypo	0.0331538659554876	True	132	hypo	False		False		False		False		paper_2930	26357.0
epykit_0361	chr8	11709251	11709331	6	4	0.13619	6.92930693304e-05	hyper	0.0002595758399221	True	81	hyper	False		False		False		False		paper_2931	32399.0
epykit_0362	chr8	13691480	13692008	6	3	-0.08066914	0.0002956555703829	hypo	0.0009041559884965	True	529	hypo	False		False		False		False		paper_2932	1947584.0
epykit_0363	chr8	22105571	22105787	6	6	-0.4038442	1.0020822933917277e-19	hypo	7.167626436909435e-18	True	217	hypo	True	POLR3D	True	POLR3D	True	POLR3D	True	POLR3D	paper_2939	0.0
epykit_0364	chr8	29357592	29357817	7	7	-0.3565572	3.5881178254545896e-19	hypo	1.7693906026772945e-17	True	226	hypo	True	DUSP4	True	DUSP4	True	DUSP4	True	DUSP4	paper_2960	0.0
epykit_0365	chr8	32873229	32873771	5	3	-0.0524127	0.0169231648015552	hypo	0.0331538659554876	True	543	hypo	False		False		False		False		paper_2966	2270878.0
epykit_0366	chr8	38376268	38377090	5	3	0.10685686	7.688820117133091e-06	hyper	3.73504004827e-05	True	823	hyper	False		False		False		False		paper_2969	88931.0
epykit_0367	chr8	49241624	49241684	5	3	0.08369865	0.0002000249980793	hyper	0.0006441621366718	True	61	hyper	False		False		False		False		paper_2983	449372.0
epykit_0368	chr8	56901471	56902059	10	5	-0.20158759	2.2566375263864232e-08	hypo	1.956579130020756e-07	True	589	hypo	True	LYN	True	LYN	True	LYN	False		paper_2989	0.0
epykit_0369	chr8	92063506	92064038	5	4	0.14232229	1.64747824665e-05	hyper	7.30258616074e-05	True	533	hyper	False		False		False		False		paper_3019	2344619.0
epykit_0370	chr8	93014002	93014339	6	3	0.107246645	0.0001693867734381	hyper	0.0005639078660029	True	338	hyper	False		False		False		False		paper_3019	1394318.0
epykit_0371	chr8	101339216	101339958	7	5	-0.26693448	1.1618992734128968e-11	hypo	1.7975265229858346e-10	True	743	hypo	False		False		False		False		paper_3026	98988.0
epykit_0372	chr8	103567601	103567706	6	6	-0.35036612	1.0073164547654392e-16	hypo	3.0568180108074293e-15	True	106	hypo	True	ODF1	True	ODF1	False		False		paper_3031	0.0
epykit_0373	chr8	103750820	103750899	5	3	-0.12161815	0.0004598385440025	hypo	0.0013193185862474	True	80	hypo	False		False		False		False		paper_3031	182859.0
epykit_0374	chr8	123982838	123983023	6	3	-0.09169906	0.0175307430705517	hypo	0.0341524846485563	True	186	hypo	False		False		False		False		paper_3042	173206.0
epykit_0375	chr8	126655094	126655494	6	5	-0.28851476	6.152568454226459e-11	hypo	8.36961467307703e-10	True	401	hypo	True	TRIB1	True	TRIB1	True	TRIB1	False		paper_3049	0.0
epykit_0376	chr8	131077980	131078200	5	3	-0.15637623	1.010312646612688e-06	hypo	6.085012810514587e-06	True	221	hypo	False		False		False		False		paper_3050	1738263.0
epykit_0377	chr8	131091945	131092149	5	4	-0.18063974	6.58918465303466e-08	hypo	5.096928128670927e-07	True	205	hypo	False		False		False		False		paper_3050	1724314.0
epykit_0378	chr8	134083066	134083411	6	3	-0.09963674	0.0028414849743809	hypo	0.0068143818990472	True	346	hypo	False		False		False		False		paper_3052	101041.0
epykit_0379	chr8	137686852	137687039	5	3	-0.053909622	0.0060051241949543	hypo	0.0129454726497787	True	188	hypo	False		False		False		False		paper_3056	768361.0
epykit_0380	chr8	142416334	142416549	8	5	-0.31118327	2.5577483440174517e-12	hypo	4.293752007297381e-11	True	216	hypo	True	PTP4A3	True	PTP4A3	True	PTP4A3	False		paper_3062	0.0
epykit_0381	chr8	144665987	144666168	5	3	0.13272351	6.55484526847e-05	hyper	0.0002486429286936	True	182	hyper	True	EEF1D	True	EEF1D	True	EEF1D	False		paper_3070	0.0
epykit_0382	chr9	21659547	21659911	5	3	-0.102781214	0.001544952642649	hypo	0.0039576871267859	True	365	hypo	False		False		False		False		paper_3084	192887.0
epykit_0383	chr9	29270100	29270364	6	3	0.09125781	0.0025372554343777	hyper	0.0061596755006893	True	265	hyper	False		False		False		False		paper_3087	1912433.0
epykit_0384	chr9	31470286	31470690	5	3	0.1330467	0.0251221662501601	hyper	0.0464201151554481	True	405	hyper	False		False		False		False		paper_3088	2716494.0
epykit_0385	chr9	72056133	72056752	6	4	0.14141852	0.0002584596943989	hyper	0.0008092249955586	True	620	hyper	False		False		False		False		paper_3099	313377.0
epykit_0386	chr9	72877562	72877931	6	3	-0.11088952	0.0007534069623222	hypo	0.0020712347591263	True	370	hypo	False		False		False		False		paper_3100	324874.0
epykit_0387	chr9	73045759	73046389	6	3	-0.06235544	0.0090928879911151	hypo	0.0188301538713643	True	631	hypo	False		False		False		False		paper_3100	493071.0
epykit_0388	chr9	77715735	77716397	13	8	-0.15026675	3.721018555972002e-07	hypo	2.484349355137772e-06	True	663	hypo	True	OSTF1	True	OSTF1	True	OSTF1	False		paper_3105	0.0
epykit_0389	chr9	90078612	90079161	8	6	-0.31082788	3.9037584140171574e-14	hypo	8.056683441058987e-13	True	550	hypo	True	DAPK1	True	DAPK1	True	DAPK1	True	DAPK1	paper_3119	0.0
epykit_0390	chr9	93418235	93418829	6	3	-0.064492606	0.0002559006366251	hypo	0.0008076224091889	True	595	hypo	False		False		False		False		paper_3125	400031.0
epykit_0391	chr9	114791016	114791415	8	7	-0.27583706	9.998872902863028e-15	hypo	2.320326682458509e-13	True	400	hypo	True	UGCG	True	UGCG	True	UGCG	False		paper_3157	0.0
epykit_0392	chr9	114836650	114837142	9	9	-0.29191267	3.9823910545158495e-14	hypo	8.056683441058987e-13	True	493	hypo	True	SUSD1	True	SUSD1	True	SUSD1	False		paper_3158	0.0
epykit_0393	chr9	117762469	117762658	5	3	-0.19941689	5.8526553844802014e-06	hypo	2.97919038603e-05	True	190	hypo	False		False		False		False		paper_3168	314028.0
epykit_0394	chr9	124658791	124658889	6	4	0.15303972	3.18381971386e-05	hyper	0.0001308350913665	True	99	hyper	False		False		False		False		paper_3178	15865.0
epykit_0395	chr9	126345354	126345518	7	6	-0.42793146	1.0223104060395518e-19	hypo	7.167626436909435e-18	True	165	hypo	True	DENND1A	True	DENND1A	True	DENND1A	True	DENND1A	paper_3180	0.0
epykit_0396	chr9	130310711	130310931	5	3	-0.12546237	0.0026116229749502	hypo	0.0063207684884532	True	221	hypo	True	FAM129B	True	FAM129B	True	FAM129B	False		paper_3189	0.0
epykit_0397	chr9	130979974	130980204	6	3	0.1319184	0.0069929918939209	hyper	0.0147132549448096	True	231	hyper	False		False		False		False		paper_3193	88750.0
epykit_0398	chr9	131552933	131553284	5	5	-0.43054515	4.333953763832108e-15	hypo	1.1030611353753335e-13	True	352	hypo	True	TBC1D13	True	TBC1D13	True	TBC1D13	True	TBC1D13	paper_3195	0.0
epykit_0399	chr9	132820552	132820803	6	3	0.067715965	0.0243545839312066	hyper	0.0452494022517854	True	252	hyper	False		False		False		False		paper_3200	26709.0
epykit_0400	chr9	135871518	135871782	5	3	0.08490982	9.0703017301e-05	hyper	0.000324908843415	True	265	hyper	False		False		False		False		paper_3210	153502.0
epykit_0401	chr9	136821612	136821799	5	4	-0.22051123	6.166647875664267e-07	hypo	3.861496169761196e-06	True	188	hypo	False		False		False		False		paper_3214	570.0
epykit_0402	chr9	136822389	136822656	7	5	-0.23858802	2.9482743763727997e-13	hypo	5.673630446239365e-12	True	268	hypo	True	VAV2	True	VAV2	True	VAV2	True	VAV2	paper_3214	0.0
epykit_0403	chr9	138651009	138651251	6	3	0.05081312	0.0159464831412847	hyper	0.0315332711741195	True	243	hyper	False		False		False		False		paper_3219	507630.0
epykit_0404	chr9	140655553	140655654	5	4	-0.2883675	1.505456998520685e-08	hypo	1.334613002059349e-07	True	102	hypo	True	EHMT1	False		False		False		paper_3226	0.0
epykit_0405	chr9	140720287	140720614	8	4	0.088402465	5.28834689053e-05	hyper	0.0002086252848315	True	328	hyper	False		False		False		False		paper_3226	64357.0
epykit_0406	chrX	5469382	5470001	5	3	0.11588375	0.001209190269504	hyper	0.0031908064302297	True	620	hyper	False		False		False		False		paper_3228	2623358.0
epykit_0407	chrX	9555230	9555285	5	3	0.17301242	2.34777340833e-05	hyper	0.0001006735445202	True	56	hyper	False		False		False		False		paper_3229	613860.0
epykit_0408	chrX	20689139	20689629	6	3	0.06693607	0.0044467334461164	hyper	0.009910939799395	True	491	hyper	False		False		False		False		paper_3234	1115735.0
epykit_0409	chrX	28447166	28447452	5	3	0.18325984	7.411445112730149e-06	hyper	3.67775483895e-05	True	287	hyper	False		False		False		False		paper_3235	4375436.0
epykit_0410	chrX	37347122	37347863	5	3	0.08686407	0.0005127689801204	hyper	0.0014553047673203	True	742	hyper	False		False		False		False		paper_3237	2333309.0
epykit_0411	chrX	41143197	41143699	5	3	0.11040069	0.0002719599987007	hyper	0.0008481282172919	True	503	hyper	False		False		False		False		paper_3239	102148.0
epykit_0412	chrX	41437392	41437759	6	3	0.042494345	0.0051489837430803	hyper	0.0112535960478957	True	368	hyper	False		False		False		False		paper_3239	191506.0
epykit_0413	chrX	45710567	45710656	5	3	-0.13371351	0.0001051669839429	hypo	0.0003687855570265	True	90	hypo	False		False		False		False		paper_3241	229119.0
epykit_0414	chrX	47051027	47051109	7	4	-0.12505522	3.695827566155169e-07	hypo	2.484349355137772e-06	True	83	hypo	False		False		False		False		paper_3242	1315532.0
epykit_0415	chrX	49028369	49028464	5	3	-0.13207653	4.69407413042e-05	hypo	0.000186111783362	True	96	hypo	False		False		False		False		paper_3243	136895.0
epykit_0416	chrX	49056825	49056885	5	4	-0.18366863	4.978272076051673e-07	hypo	3.1933794048819265e-06	True	61	hypo	False		False		False		False		paper_3243	108474.0
epykit_0417	chrX	53197355	53197955	6	4	0.13807565	0.0002451025016264	hyper	0.0007766500955149	True	601	hyper	False		False		False		False		paper_3245	178329.0
epykit_0418	chrX	54948324	54948699	9	5	-0.12665153	1.49278475051e-05	hypo	6.69208618269e-05	True	376	hypo	False		False		False		False		paper_3249	832671.0
epykit_0419	chrX	56258960	56259021	6	4	-0.13910311	3.8600740859023365e-07	hypo	2.537998711480786e-06	True	62	hypo	False		False		False		False		paper_3249	477423.0
epykit_0420	chrX	58289722	58289780	6	3	0.10072044	0.002651819553423	hyper	0.0063789195964962	True	59	hyper	False		False		False		False		paper_3249	2508185.0
epykit_0421	chrX	64327698	64328354	6	3	0.06614289	0.0031925807258062	hyper	0.0075192423661527	True	657	hyper	False		False		False		False		paper_3250	5781980.0
epykit_0422	chrX	74351802	74352216	8	5	0.07529969	0.0014778817014882	hyper	0.0038106165440334	True	415	hyper	False		False		False		False		paper_3253	1302448.0
epykit_0423	chrX	78951572	78952157	5	3	-0.092176914	0.0156187034323573	hypo	0.0309816239583678	True	586	hypo	False		False		False		False		paper_3254	715806.0
epykit_0424	chrX	80457014	80457401	7	4	-0.07129163	0.0004490685538988	hypo	0.0012978574689605	True	388	hypo	False		False		False		False		paper_3254	2221248.0
epykit_0425	chrX	102195437	102195897	5	3	-0.10015039	0.0056168130118517	hypo	0.0121749051273379	True	461	hypo	False		False		False		False		paper_3257	273822.0
epykit_0426	chrX	117061215	117061535	7	5	0.109323576	2.93261730469e-05	hyper	0.0001230763326279	True	321	hyper	False		False		False		False		paper_3260	401470.0
epykit_0427	chrX	121130679	121131509	5	3	0.14952582	0.0092761213016315	hyper	0.0191092942741182	True	831	hyper	False		False		False		False		paper_3263	1677313.0
epykit_0428	chrX	128902025	128902281	5	3	0.08172748	0.0025112733767315	hyper	0.0061154157229665	True	257	hyper	False		False		False		False		paper_3266	648603.0
epykit_0429	chrX	134974753	134974965	5	3	-0.13137493	8.65275995834e-05	hypo	0.0003146146537297	True	213	hypo	False		False		False		False		paper_3267	5025641.0
epykit_0430	chrX	153046217	153046374	10	8	-0.2960022	3.0274694952444045e-10	hypo	3.5127550466879927e-09	True	158	hypo	False		False		False		False		paper_3268	93006.0
epykit_0431	chrX	154444993	154445067	7	4	-0.13027325	5.66119379335747e-06	hypo	2.90044279412e-05	True	75	hypo	False		False		False		False		paper_3271	826322.0
