tool	rule	call_id	paper_id
epykit	any_overlap	epykit_0380	paper_3062
epykit	any_overlap	epykit_0078	paper_0709
epykit	any_overlap	epykit_0141	paper_1241
epykit	any_overlap	epykit_0038	paper_0288
epykit	any_overlap	epykit_0184	paper_1532
epykit	any_overlap	epykit_0067	paper_0613
epykit	any_overlap	epykit_0005	paper_0039
epykit	any_overlap	epykit_0055	paper_0482
epykit	any_overlap	epykit_0069	paper_0623
epykit	any_overlap	epykit_0058	paper_0514
epykit	any_overlap	epykit_0199	paper_1628
epykit	any_overlap	epykit_0110	paper_0992
epykit	any_overlap	epykit_0004	paper_0036
epykit	any_overlap	epykit_0364	paper_2960
epykit	any_overlap	epykit_0016	paper_0127
epykit	any_overlap	epykit_0064	paper_0578
epykit	any_overlap	epykit_0258	paper_2022
epykit	any_overlap	epykit_0348	paper_2841
epykit	any_overlap	epykit_0261	paper_2036
epykit	any_overlap	epykit_0313	paper_2435
epykit	any_overlap	epykit_0395	paper_3180
epykit	any_overlap	epykit_0372	paper_3031
epykit	any_overlap	epykit_0192	paper_1585
epykit	any_overlap	epykit_0009	paper_0066
epykit	any_overlap	epykit_0389	paper_3119
epykit	any_overlap	epykit_0254	paper_2003
epykit	any_overlap	epykit_0286	paper_2267
epykit	any_overlap	epykit_0350	paper_2855
epykit	any_overlap	epykit_0161	paper_1369
epykit	any_overlap	epykit_0312	paper_2433
epykit	any_overlap	epykit_0198	paper_1620
epykit	any_overlap	epykit_0165	paper_1391
epykit	any_overlap	epykit_0158	paper_1362
epykit	any_overlap	epykit_0093	paper_0811
epykit	any_overlap	epykit_0244	paper_1932
epykit	any_overlap	epykit_0053	paper_0476
epykit	any_overlap	epykit_0169	paper_1423
epykit	any_overlap	epykit_0060	paper_0532
epykit	any_overlap	epykit_0226	paper_1819
epykit	any_overlap	epykit_0021	paper_0161
epykit	any_overlap	epykit_0392	paper_3158
epykit	any_overlap	epykit_0352	paper_2870
epykit	any_overlap	epykit_0203	paper_1664
epykit	any_overlap	epykit_0326	paper_2532
epykit	any_overlap	epykit_0136	paper_1176
epykit	any_overlap	epykit_0181	paper_1496
epykit	any_overlap	epykit_0341	paper_2729
epykit	any_overlap	epykit_0107	paper_0974
epykit	any_overlap	epykit_0028	paper_0263
epykit	any_overlap	epykit_0139	paper_1214
epykit	any_overlap	epykit_0251	paper_1976
epykit	any_overlap	epykit_0129	paper_1147
epykit	any_overlap	epykit_0235	paper_1877
epykit	any_overlap	epykit_0190	paper_1556
epykit	any_overlap	epykit_0138	paper_1200
epykit	any_overlap	epykit_0282	paper_2215
epykit	any_overlap	epykit_0022	paper_0166
epykit	any_overlap	epykit_0068	paper_0614
epykit	any_overlap	epykit_0212	paper_1718
epykit	any_overlap	epykit_0404	paper_3226
epykit	any_overlap	epykit_0334	paper_2644
epykit	any_overlap	epykit_0189	paper_1555
epykit	any_overlap	epykit_0045	paper_0356
epykit	any_overlap	epykit_0263	paper_2044
epykit	any_overlap	epykit_0119	paper_1082
epykit	any_overlap	epykit_0049	paper_0397
epykit	any_overlap	epykit_0071	paper_0637
epykit	any_overlap	epykit_0177	paper_1467
epykit	any_overlap	epykit_0222	paper_1806
epykit	any_overlap	epykit_0089	paper_0788
epykit	any_overlap	epykit_0205	paper_1669
epykit	any_overlap	epykit_0375	paper_3049
epykit	any_overlap	epykit_0029	paper_0265
epykit	any_overlap	epykit_0357	paper_2915
epykit	any_overlap	epykit_0290	paper_2305
epykit	any_overlap	epykit_0109	paper_0989
epykit	any_overlap	epykit_0248	paper_1967
epykit	any_overlap	epykit_0279	paper_2174
epykit	any_overlap	epykit_0106	paper_0947
epykit	any_overlap	epykit_0256	paper_2006
epykit	any_overlap	epykit_0079	paper_0711
epykit	any_overlap	epykit_0322	paper_2489
epykit	any_overlap	epykit_0103	paper_0925
epykit	any_overlap	epykit_0070	paper_0624
epykit	any_overlap	epykit_0044	paper_0348
epykit	any_overlap	epykit_0144	paper_1255
epykit	any_overlap	epykit_0381	paper_3070
epykit	any_overlap	epykit_0154	paper_1315
epykit	any_overlap	epykit_0215	paper_1739
epykit	any_overlap	epykit_0001	paper_0015
epykit	any_overlap	epykit_0398	paper_3195
epykit	any_overlap	epykit_0025	paper_0216
epykit	any_overlap	epykit_0037	paper_0283
epykit	any_overlap	epykit_0118	paper_1052
epykit	any_overlap	epykit_0197	paper_1618
epykit	any_overlap	epykit_0162	paper_1374
epykit	any_overlap	epykit_0015	paper_0126
epykit	any_overlap	epykit_0271	paper_2079
epykit	any_overlap	epykit_0039	paper_0294
epykit	any_overlap	epykit_0276	paper_2155
epykit	any_overlap	epykit_0176	paper_1464
epykit	any_overlap	epykit_0077	paper_0707
epykit	any_overlap	epykit_0344	paper_2768
epykit	any_overlap	epykit_0321	paper_2488
epykit	any_overlap	epykit_0006	paper_0051
epykit	any_overlap	epykit_0173	paper_1455
epykit	any_overlap	epykit_0280	paper_2175
epykit	any_overlap	epykit_0074	paper_0665
epykit	any_overlap	epykit_0097	paper_0861
epykit	any_overlap	epykit_0010	paper_0069
epykit	any_overlap	epykit_0209	paper_1696
epykit	any_overlap	epykit_0175	paper_1463
epykit	any_overlap	epykit_0003	paper_0028
epykit	any_overlap	epykit_0008	paper_0058
epykit	any_overlap	epykit_0002	paper_0024
epykit	any_overlap	epykit_0252	paper_1994
epykit	any_overlap	epykit_0368	paper_2989
epykit	any_overlap	epykit_0233	paper_1868
epykit	any_overlap	epykit_0155	paper_1318
epykit	any_overlap	epykit_0402	paper_3214
epykit	any_overlap	epykit_0094	paper_0842
epykit	any_overlap	epykit_0204	paper_1665
epykit	any_overlap	epykit_0292	paper_2319
epykit	any_overlap	epykit_0084	paper_0747
epykit	any_overlap	epykit_0120	paper_1092
epykit	any_overlap	epykit_0229	paper_1841
epykit	any_overlap	epykit_0220	paper_1785
epykit	any_overlap	epykit_0105	paper_0942
epykit	any_overlap	epykit_0113	paper_1006
epykit	any_overlap	epykit_0318	paper_2464
epykit	any_overlap	epykit_0054	paper_0477
epykit	any_overlap	epykit_0168	paper_1419
epykit	any_overlap	epykit_0091	paper_0793
epykit	any_overlap	epykit_0148	paper_1272
epykit	any_overlap	epykit_0127	paper_1134
epykit	any_overlap	epykit_0272	paper_2089
epykit	any_overlap	epykit_0034	paper_0275
epykit	any_overlap	epykit_0147	paper_1262
epykit	any_overlap	epykit_0298	paper_2342
epykit	any_overlap	epykit_0328	paper_2542
epykit	any_overlap	epykit_0338	paper_2680
epykit	any_overlap	epykit_0391	paper_3157
epykit	any_overlap	epykit_0396	paper_3189
epykit	any_overlap	epykit_0300	paper_2354
epykit	any_overlap	epykit_0026	paper_0235
epykit	any_overlap	epykit_0363	paper_2939
epykit	any_overlap	epykit_0020	paper_0154
epykit	any_overlap	epykit_0228	paper_1837
epykit	any_overlap	epykit_0388	paper_3105
epykit	any_overlap	epykit_0125	paper_1132
epykit	any_overlap	epykit_0137	paper_1187
epykit	any_overlap	epykit_0314	paper_2444
epykit	any_overlap	epykit_0134	paper_1168
epykit	any_overlap	epykit_0159	paper_1366
epykit	any_overlap	epykit_0145	paper_1258
epykit	any_overlap	epykit_0335	paper_2645
epykit	any_overlap	epykit_0088	paper_0771
epykit	any_overlap	epykit_0216	paper_1744
epykit	reciprocal_25pct	epykit_0380	paper_3062
epykit	reciprocal_25pct	epykit_0078	paper_0709
epykit	reciprocal_25pct	epykit_0141	paper_1241
epykit	reciprocal_25pct	epykit_0038	paper_0288
epykit	reciprocal_25pct	epykit_0184	paper_1532
epykit	reciprocal_25pct	epykit_0067	paper_0613
epykit	reciprocal_25pct	epykit_0005	paper_0039
epykit	reciprocal_25pct	epykit_0055	paper_0482
epykit	reciprocal_25pct	epykit_0069	paper_0623
epykit	reciprocal_25pct	epykit_0058	paper_0514
epykit	reciprocal_25pct	epykit_0199	paper_1628
epykit	reciprocal_25pct	epykit_0110	paper_0992
epykit	reciprocal_25pct	epykit_0004	paper_0036
epykit	reciprocal_25pct	epykit_0364	paper_2960
epykit	reciprocal_25pct	epykit_0016	paper_0127
epykit	reciprocal_25pct	epykit_0064	paper_0578
epykit	reciprocal_25pct	epykit_0258	paper_2022
epykit	reciprocal_25pct	epykit_0348	paper_2841
epykit	reciprocal_25pct	epykit_0261	paper_2036
epykit	reciprocal_25pct	epykit_0313	paper_2435
epykit	reciprocal_25pct	epykit_0395	paper_3180
epykit	reciprocal_25pct	epykit_0372	paper_3031
epykit	reciprocal_25pct	epykit_0192	paper_1585
epykit	reciprocal_25pct	epykit_0009	paper_0066
epykit	reciprocal_25pct	epykit_0389	paper_3119
epykit	reciprocal_25pct	epykit_0254	paper_2003
epykit	reciprocal_25pct	epykit_0286	paper_2267
epykit	reciprocal_25pct	epykit_0350	paper_2855
epykit	reciprocal_25pct	epykit_0161	paper_1369
epykit	reciprocal_25pct	epykit_0312	paper_2433
epykit	reciprocal_25pct	epykit_0198	paper_1620
epykit	reciprocal_25pct	epykit_0165	paper_1391
epykit	reciprocal_25pct	epykit_0158	paper_1362
epykit	reciprocal_25pct	epykit_0093	paper_0811
epykit	reciprocal_25pct	epykit_0244	paper_1932
epykit	reciprocal_25pct	epykit_0169	paper_1423
epykit	reciprocal_25pct	epykit_0060	paper_0532
epykit	reciprocal_25pct	epykit_0226	paper_1819
epykit	reciprocal_25pct	epykit_0021	paper_0161
epykit	reciprocal_25pct	epykit_0392	paper_3158
epykit	reciprocal_25pct	epykit_0352	paper_2870
epykit	reciprocal_25pct	epykit_0326	paper_2532
epykit	reciprocal_25pct	epykit_0136	paper_1176
epykit	reciprocal_25pct	epykit_0181	paper_1496
epykit	reciprocal_25pct	epykit_0341	paper_2729
epykit	reciprocal_25pct	epykit_0107	paper_0974
epykit	reciprocal_25pct	epykit_0028	paper_0263
epykit	reciprocal_25pct	epykit_0139	paper_1214
epykit	reciprocal_25pct	epykit_0251	paper_1976
epykit	reciprocal_25pct	epykit_0235	paper_1877
epykit	reciprocal_25pct	epykit_0190	paper_1556
epykit	reciprocal_25pct	epykit_0022	paper_0166
epykit	reciprocal_25pct	epykit_0068	paper_0614
epykit	reciprocal_25pct	epykit_0212	paper_1718
epykit	reciprocal_25pct	epykit_0189	paper_1555
epykit	reciprocal_25pct	epykit_0119	paper_1082
epykit	reciprocal_25pct	epykit_0049	paper_0397
epykit	reciprocal_25pct	epykit_0071	paper_0637
epykit	reciprocal_25pct	epykit_0177	paper_1467
epykit	reciprocal_25pct	epykit_0089	paper_0788
epykit	reciprocal_25pct	epykit_0205	paper_1669
epykit	reciprocal_25pct	epykit_0375	paper_3049
epykit	reciprocal_25pct	epykit_0029	paper_0265
epykit	reciprocal_25pct	epykit_0290	paper_2305
epykit	reciprocal_25pct	epykit_0109	paper_0989
epykit	reciprocal_25pct	epykit_0248	paper_1967
epykit	reciprocal_25pct	epykit_0279	paper_2174
epykit	reciprocal_25pct	epykit_0106	paper_0947
epykit	reciprocal_25pct	epykit_0256	paper_2006
epykit	reciprocal_25pct	epykit_0322	paper_2489
epykit	reciprocal_25pct	epykit_0103	paper_0925
epykit	reciprocal_25pct	epykit_0070	paper_0624
epykit	reciprocal_25pct	epykit_0044	paper_0348
epykit	reciprocal_25pct	epykit_0144	paper_1255
epykit	reciprocal_25pct	epykit_0381	paper_3070
epykit	reciprocal_25pct	epykit_0215	paper_1739
epykit	reciprocal_25pct	epykit_0001	paper_0015
epykit	reciprocal_25pct	epykit_0398	paper_3195
epykit	reciprocal_25pct	epykit_0025	paper_0216
epykit	reciprocal_25pct	epykit_0037	paper_0283
epykit	reciprocal_25pct	epykit_0197	paper_1618
epykit	reciprocal_25pct	epykit_0162	paper_1374
epykit	reciprocal_25pct	epykit_0015	paper_0126
epykit	reciprocal_25pct	epykit_0039	paper_0294
epykit	reciprocal_25pct	epykit_0276	paper_2155
epykit	reciprocal_25pct	epykit_0176	paper_1464
epykit	reciprocal_25pct	epykit_0077	paper_0707
epykit	reciprocal_25pct	epykit_0344	paper_2768
epykit	reciprocal_25pct	epykit_0321	paper_2488
epykit	reciprocal_25pct	epykit_0173	paper_1455
epykit	reciprocal_25pct	epykit_0280	paper_2175
epykit	reciprocal_25pct	epykit_0074	paper_0665
epykit	reciprocal_25pct	epykit_0097	paper_0861
epykit	reciprocal_25pct	epykit_0010	paper_0069
epykit	reciprocal_25pct	epykit_0209	paper_1696
epykit	reciprocal_25pct	epykit_0175	paper_1463
epykit	reciprocal_25pct	epykit_0003	paper_0028
epykit	reciprocal_25pct	epykit_0008	paper_0058
epykit	reciprocal_25pct	epykit_0002	paper_0024
epykit	reciprocal_25pct	epykit_0368	paper_2989
epykit	reciprocal_25pct	epykit_0233	paper_1868
epykit	reciprocal_25pct	epykit_0155	paper_1318
epykit	reciprocal_25pct	epykit_0402	paper_3214
epykit	reciprocal_25pct	epykit_0094	paper_0842
epykit	reciprocal_25pct	epykit_0292	paper_2319
epykit	reciprocal_25pct	epykit_0084	paper_0747
epykit	reciprocal_25pct	epykit_0120	paper_1092
epykit	reciprocal_25pct	epykit_0229	paper_1841
epykit	reciprocal_25pct	epykit_0220	paper_1785
epykit	reciprocal_25pct	epykit_0105	paper_0942
epykit	reciprocal_25pct	epykit_0113	paper_1006
epykit	reciprocal_25pct	epykit_0318	paper_2464
epykit	reciprocal_25pct	epykit_0054	paper_0477
epykit	reciprocal_25pct	epykit_0168	paper_1419
epykit	reciprocal_25pct	epykit_0091	paper_0793
epykit	reciprocal_25pct	epykit_0148	paper_1272
epykit	reciprocal_25pct	epykit_0127	paper_1134
epykit	reciprocal_25pct	epykit_0272	paper_2089
epykit	reciprocal_25pct	epykit_0034	paper_0275
epykit	reciprocal_25pct	epykit_0147	paper_1262
epykit	reciprocal_25pct	epykit_0298	paper_2342
epykit	reciprocal_25pct	epykit_0328	paper_2542
epykit	reciprocal_25pct	epykit_0338	paper_2680
epykit	reciprocal_25pct	epykit_0391	paper_3157
epykit	reciprocal_25pct	epykit_0396	paper_3189
epykit	reciprocal_25pct	epykit_0300	paper_2354
epykit	reciprocal_25pct	epykit_0363	paper_2939
epykit	reciprocal_25pct	epykit_0020	paper_0154
epykit	reciprocal_25pct	epykit_0388	paper_3105
epykit	reciprocal_25pct	epykit_0125	paper_1132
epykit	reciprocal_25pct	epykit_0137	paper_1187
epykit	reciprocal_25pct	epykit_0314	paper_2444
epykit	reciprocal_25pct	epykit_0134	paper_1168
epykit	reciprocal_25pct	epykit_0159	paper_1366
epykit	reciprocal_25pct	epykit_0145	paper_1258
epykit	reciprocal_25pct	epykit_0335	paper_2645
epykit	reciprocal_25pct	epykit_0216	paper_1744
epykit	reciprocal_50pct	epykit_0380	paper_3062
epykit	reciprocal_50pct	epykit_0078	paper_0709
epykit	reciprocal_50pct	epykit_0141	paper_1241
epykit	reciprocal_50pct	epykit_0038	paper_0288
epykit	reciprocal_50pct	epykit_0184	paper_1532
epykit	reciprocal_50pct	epykit_0067	paper_0613
epykit	reciprocal_50pct	epykit_0069	paper_0623
epykit	reciprocal_50pct	epykit_0199	paper_1628
epykit	reciprocal_50pct	epykit_0110	paper_0992
epykit	reciprocal_50pct	epykit_0364	paper_2960
epykit	reciprocal_50pct	epykit_0016	paper_0127
epykit	reciprocal_50pct	epykit_0261	paper_2036
epykit	reciprocal_50pct	epykit_0313	paper_2435
epykit	reciprocal_50pct	epykit_0395	paper_3180
epykit	reciprocal_50pct	epykit_0192	paper_1585
epykit	reciprocal_50pct	epykit_0389	paper_3119
epykit	reciprocal_50pct	epykit_0254	paper_2003
epykit	reciprocal_50pct	epykit_0286	paper_2267
epykit	reciprocal_50pct	epykit_0350	paper_2855
epykit	reciprocal_50pct	epykit_0312	paper_2433
epykit	reciprocal_50pct	epykit_0198	paper_1620
epykit	reciprocal_50pct	epykit_0165	paper_1391
epykit	reciprocal_50pct	epykit_0158	paper_1362
epykit	reciprocal_50pct	epykit_0169	paper_1423
epykit	reciprocal_50pct	epykit_0060	paper_0532
epykit	reciprocal_50pct	epykit_0226	paper_1819
epykit	reciprocal_50pct	epykit_0392	paper_3158
epykit	reciprocal_50pct	epykit_0326	paper_2532
epykit	reciprocal_50pct	epykit_0136	paper_1176
epykit	reciprocal_50pct	epykit_0341	paper_2729
epykit	reciprocal_50pct	epykit_0107	paper_0974
epykit	reciprocal_50pct	epykit_0028	paper_0263
epykit	reciprocal_50pct	epykit_0139	paper_1214
epykit	reciprocal_50pct	epykit_0251	paper_1976
epykit	reciprocal_50pct	epykit_0235	paper_1877
epykit	reciprocal_50pct	epykit_0068	paper_0614
epykit	reciprocal_50pct	epykit_0212	paper_1718
epykit	reciprocal_50pct	epykit_0189	paper_1555
epykit	reciprocal_50pct	epykit_0071	paper_0637
epykit	reciprocal_50pct	epykit_0089	paper_0788
epykit	reciprocal_50pct	epykit_0205	paper_1669
epykit	reciprocal_50pct	epykit_0375	paper_3049
epykit	reciprocal_50pct	epykit_0290	paper_2305
epykit	reciprocal_50pct	epykit_0109	paper_0989
epykit	reciprocal_50pct	epykit_0248	paper_1967
epykit	reciprocal_50pct	epykit_0279	paper_2174
epykit	reciprocal_50pct	epykit_0106	paper_0947
epykit	reciprocal_50pct	epykit_0256	paper_2006
epykit	reciprocal_50pct	epykit_0322	paper_2489
epykit	reciprocal_50pct	epykit_0103	paper_0925
epykit	reciprocal_50pct	epykit_0070	paper_0624
epykit	reciprocal_50pct	epykit_0044	paper_0348
epykit	reciprocal_50pct	epykit_0144	paper_1255
epykit	reciprocal_50pct	epykit_0381	paper_3070
epykit	reciprocal_50pct	epykit_0215	paper_1739
epykit	reciprocal_50pct	epykit_0001	paper_0015
epykit	reciprocal_50pct	epykit_0398	paper_3195
epykit	reciprocal_50pct	epykit_0025	paper_0216
epykit	reciprocal_50pct	epykit_0037	paper_0283
epykit	reciprocal_50pct	epykit_0197	paper_1618
epykit	reciprocal_50pct	epykit_0162	paper_1374
epykit	reciprocal_50pct	epykit_0015	paper_0126
epykit	reciprocal_50pct	epykit_0276	paper_2155
epykit	reciprocal_50pct	epykit_0176	paper_1464
epykit	reciprocal_50pct	epykit_0077	paper_0707
epykit	reciprocal_50pct	epykit_0344	paper_2768
epykit	reciprocal_50pct	epykit_0321	paper_2488
epykit	reciprocal_50pct	epykit_0280	paper_2175
epykit	reciprocal_50pct	epykit_0074	paper_0665
epykit	reciprocal_50pct	epykit_0010	paper_0069
epykit	reciprocal_50pct	epykit_0209	paper_1696
epykit	reciprocal_50pct	epykit_0175	paper_1463
epykit	reciprocal_50pct	epykit_0008	paper_0058
epykit	reciprocal_50pct	epykit_0002	paper_0024
epykit	reciprocal_50pct	epykit_0368	paper_2989
epykit	reciprocal_50pct	epykit_0233	paper_1868
epykit	reciprocal_50pct	epykit_0155	paper_1318
epykit	reciprocal_50pct	epykit_0402	paper_3214
epykit	reciprocal_50pct	epykit_0292	paper_2319
epykit	reciprocal_50pct	epykit_0084	paper_0747
epykit	reciprocal_50pct	epykit_0105	paper_0942
epykit	reciprocal_50pct	epykit_0113	paper_1006
epykit	reciprocal_50pct	epykit_0091	paper_0793
epykit	reciprocal_50pct	epykit_0148	paper_1272
epykit	reciprocal_50pct	epykit_0127	paper_1134
epykit	reciprocal_50pct	epykit_0298	paper_2342
epykit	reciprocal_50pct	epykit_0328	paper_2542
epykit	reciprocal_50pct	epykit_0338	paper_2680
epykit	reciprocal_50pct	epykit_0391	paper_3157
epykit	reciprocal_50pct	epykit_0396	paper_3189
epykit	reciprocal_50pct	epykit_0300	paper_2354
epykit	reciprocal_50pct	epykit_0363	paper_2939
epykit	reciprocal_50pct	epykit_0388	paper_3105
epykit	reciprocal_50pct	epykit_0125	paper_1132
epykit	reciprocal_50pct	epykit_0137	paper_1187
epykit	reciprocal_50pct	epykit_0134	paper_1168
epykit	reciprocal_50pct	epykit_0159	paper_1366
epykit	reciprocal_50pct	epykit_0335	paper_2645
epykit	reciprocal_50pct	epykit_0216	paper_1744
epykit	reciprocal_80pct	epykit_0105	paper_0942
epykit	reciprocal_80pct	epykit_0113	paper_1006
epykit	reciprocal_80pct	epykit_0162	paper_1374
epykit	reciprocal_80pct	epykit_0276	paper_2155
epykit	reciprocal_80pct	epykit_0341	paper_2729
epykit	reciprocal_80pct	epykit_0107	paper_0974
epykit	reciprocal_80pct	epykit_0069	paper_0623
epykit	reciprocal_80pct	epykit_0199	paper_1628
epykit	reciprocal_80pct	epykit_0364	paper_2960
epykit	reciprocal_80pct	epykit_0235	paper_1877
epykit	reciprocal_80pct	epykit_0068	paper_0614
epykit	reciprocal_80pct	epykit_0313	paper_2435
epykit	reciprocal_80pct	epykit_0395	paper_3180
epykit	reciprocal_80pct	epykit_0300	paper_2354
epykit	reciprocal_80pct	epykit_0363	paper_2939
epykit	reciprocal_80pct	epykit_0192	paper_1585
epykit	reciprocal_80pct	epykit_0060	paper_0532
epykit	reciprocal_80pct	epykit_0389	paper_3119
epykit	reciprocal_80pct	epykit_0254	paper_2003
epykit	reciprocal_80pct	epykit_0312	paper_2433
epykit	reciprocal_80pct	epykit_0002	paper_0024
epykit	reciprocal_80pct	epykit_0233	paper_1868
epykit	reciprocal_80pct	epykit_0402	paper_3214
epykit	reciprocal_80pct	epykit_0290	paper_2305
epykit	reciprocal_80pct	epykit_0109	paper_0989
epykit	reciprocal_80pct	epykit_0279	paper_2174
epykit	reciprocal_80pct	epykit_0103	paper_0925
epykit	reciprocal_80pct	epykit_0144	paper_1255
epykit	reciprocal_80pct	epykit_0001	paper_0015
epykit	reciprocal_80pct	epykit_0398	paper_3195
DSS	any_overlap	DSS_0056	paper_0395
DSS	any_overlap	DSS_0022	paper_0216
DSS	any_overlap	DSS_0193	paper_1463
DSS	any_overlap	DSS_0166	paper_0572
DSS	any_overlap	DSS_0133	paper_3152
DSS	any_overlap	DSS_0101	paper_2292
DSS	any_overlap	DSS_0208	paper_1847
DSS	any_overlap	DSS_0052	paper_3031
DSS	any_overlap	DSS_0078	paper_1556
DSS	any_overlap	DSS_0109	paper_3062
DSS	any_overlap	DSS_0028	paper_0288
DSS	any_overlap	DSS_0176	paper_0814
DSS	any_overlap	DSS_0191	paper_0135
DSS	any_overlap	DSS_0160	paper_2645
DSS	any_overlap	DSS_0054	paper_0711
DSS	any_overlap	DSS_0237	paper_2288
DSS	any_overlap	DSS_0154	paper_2677
DSS	any_overlap	DSS_0039	paper_2960
DSS	any_overlap	DSS_0252	paper_2108
DSS	any_overlap	DSS_0202	paper_1074
DSS	any_overlap	DSS_0108	paper_1555
DSS	any_overlap	DSS_0064	paper_0947
DSS	any_overlap	DSS_0168	paper_2841
DSS	any_overlap	DSS_0157	paper_0127
DSS	any_overlap	DSS_0093	paper_1706
DSS	any_overlap	DSS_0230	paper_0613
DSS	any_overlap	DSS_0156	paper_2808
DSS	any_overlap	DSS_0162	paper_0314
DSS	any_overlap	DSS_0234	paper_3238
DSS	any_overlap	DSS_0233	paper_1811
DSS	any_overlap	DSS_0025	paper_3180
DSS	any_overlap	DSS_0170	paper_0024
DSS	any_overlap	DSS_0113	paper_0965
DSS	any_overlap	DSS_0199	paper_1172
DSS	any_overlap	DSS_0158	paper_1362
DSS	any_overlap	DSS_0218	paper_1440
DSS	any_overlap	DSS_0178	paper_0484
DSS	any_overlap	DSS_0167	paper_0716
DSS	any_overlap	DSS_0192	paper_2862
DSS	any_overlap	DSS_0123	paper_1718
DSS	any_overlap	DSS_0161	paper_2155
DSS	any_overlap	DSS_0071	paper_3195
DSS	any_overlap	DSS_0040	paper_1998
DSS	any_overlap	DSS_0058	paper_0709
DSS	any_overlap	DSS_0053	paper_1819
DSS	any_overlap	DSS_0050	paper_0058
DSS	any_overlap	DSS_0019	paper_1976
DSS	any_overlap	DSS_0205	paper_0514
DSS	any_overlap	DSS_0076	paper_0771
DSS	any_overlap	DSS_0215	paper_3167
DSS	any_overlap	DSS_0225	paper_2758
DSS	any_overlap	DSS_0051	paper_0569
DSS	any_overlap	DSS_0214	paper_3049
DSS	any_overlap	DSS_0006	paper_1132
DSS	any_overlap	DSS_0146	paper_1201
DSS	any_overlap	DSS_0141	paper_0142
DSS	any_overlap	DSS_0243	paper_2554
DSS	any_overlap	DSS_0204	paper_2354
DSS	any_overlap	DSS_0179	paper_2794
DSS	any_overlap	DSS_0221	paper_1423
DSS	any_overlap	DSS_0142	paper_1904
DSS	any_overlap	DSS_0097	paper_1467
DSS	any_overlap	DSS_0041	paper_1669
DSS	any_overlap	DSS_0224	paper_0507
DSS	any_overlap	DSS_0216	paper_2543
DSS	any_overlap	DSS_0148	paper_0229
DSS	any_overlap	DSS_0184	paper_1316
DSS	any_overlap	DSS_0014	paper_1841
DSS	any_overlap	DSS_0060	paper_0281
DSS	any_overlap	DSS_0201	paper_1620
DSS	any_overlap	DSS_0082	paper_0875
DSS	any_overlap	DSS_0196	paper_2526
DSS	any_overlap	DSS_0153	paper_0112
DSS	any_overlap	DSS_0106	paper_0287
DSS	any_overlap	DSS_0181	paper_1060
DSS	any_overlap	DSS_0222	paper_3259
DSS	any_overlap	DSS_0073	paper_2342
DSS	any_overlap	DSS_0163	paper_2991
DSS	any_overlap	DSS_0045	paper_1799
DSS	any_overlap	DSS_0213	paper_0614
DSS	any_overlap	DSS_0190	paper_2488
DSS	any_overlap	DSS_0069	paper_0499
DSS	any_overlap	DSS_0037	paper_1696
DSS	any_overlap	DSS_0038	paper_3158
DSS	any_overlap	DSS_0081	paper_1628
DSS	any_overlap	DSS_0048	paper_2022
DSS	any_overlap	DSS_0248	paper_0179
DSS	any_overlap	DSS_0072	paper_2939
DSS	any_overlap	DSS_0151	paper_2341
DSS	any_overlap	DSS_0242	paper_2175
DSS	any_overlap	DSS_0103	paper_0181
DSS	any_overlap	DSS_0232	paper_0753
DSS	any_overlap	DSS_0090	paper_0861
DSS	any_overlap	DSS_0036	paper_0069
DSS	any_overlap	DSS_0034	paper_2768
DSS	any_overlap	DSS_0089	paper_0989
DSS	any_overlap	DSS_0047	paper_2239
DSS	any_overlap	DSS_0197	paper_3198
DSS	any_overlap	DSS_0118	paper_3226
DSS	any_overlap	DSS_0021	paper_2036
DSS	any_overlap	DSS_0226	paper_0192
DSS	any_overlap	DSS_0220	paper_0704
DSS	any_overlap	DSS_0138	paper_3142
DSS	any_overlap	DSS_0227	paper_2010
DSS	any_overlap	DSS_0068	paper_0747
DSS	any_overlap	DSS_0126	paper_0623
DSS	any_overlap	DSS_0018	paper_0905
DSS	any_overlap	DSS_0211	paper_2040
DSS	any_overlap	DSS_0067	paper_3157
DSS	any_overlap	DSS_0169	paper_2961
DSS	any_overlap	DSS_0105	paper_2089
DSS	any_overlap	DSS_0112	paper_1585
DSS	any_overlap	DSS_0164	paper_2870
DSS	any_overlap	DSS_0147	paper_2464
DSS	any_overlap	DSS_0130	paper_1369
DSS	any_overlap	DSS_0061	paper_0294
DSS	any_overlap	DSS_0174	paper_1286
DSS	any_overlap	DSS_0180	paper_2450
DSS	any_overlap	DSS_0250	paper_2091
DSS	any_overlap	DSS_0122	paper_0793
DSS	any_overlap	DSS_0185	paper_1153
DSS	any_overlap	DSS_0023	paper_0275
DSS	any_overlap	DSS_0240	paper_0186
DSS	any_overlap	DSS_0049	paper_1134
DSS	any_overlap	DSS_0044	paper_0637
DSS	any_overlap	DSS_0127	paper_0925
DSS	any_overlap	DSS_0175	paper_2066
DSS	any_overlap	DSS_0140	paper_1213
DSS	any_overlap	DSS_0026	paper_2267
DSS	any_overlap	DSS_0063	paper_3197
DSS	any_overlap	DSS_0080	paper_3207
DSS	any_overlap	DSS_0150	paper_2240
DSS	any_overlap	DSS_0124	paper_0404
DSS	any_overlap	DSS_0198	paper_0265
DSS	any_overlap	DSS_0129	paper_1317
DSS	any_overlap	DSS_0032	paper_2435
DSS	any_overlap	DSS_0107	paper_3119
DSS	any_overlap	DSS_0231	paper_1938
DSS	any_overlap	DSS_0119	paper_0126
DSS	any_overlap	DSS_0065	paper_2563
DSS	any_overlap	DSS_0187	paper_1861
DSS	any_overlap	DSS_0013	paper_1318
DSS	any_overlap	DSS_0212	paper_0532
DSS	any_overlap	DSS_0117	paper_1135
DSS	any_overlap	DSS_0245	paper_1837
DSS	any_overlap	DSS_0125	paper_0624
DSS	any_overlap	DSS_0024	paper_2489
DSS	any_overlap	DSS_0149	paper_3144
DSS	any_overlap	DSS_0121	paper_0622
DSS	any_overlap	DSS_0111	paper_0368
DSS	any_overlap	DSS_0084	paper_3105
DSS	any_overlap	DSS_0087	paper_1366
DSS	any_overlap	DSS_0075	paper_2444
DSS	any_overlap	DSS_0207	paper_2300
DSS	any_overlap	DSS_0209	paper_3164
DSS	any_overlap	DSS_0120	paper_0553
DSS	any_overlap	DSS_0079	paper_0578
DSS	any_overlap	DSS_0132	paper_0528
DSS	any_overlap	DSS_0059	paper_2855
DSS	any_overlap	DSS_0035	paper_1176
DSS	any_overlap	DSS_0085	paper_0570
DSS	any_overlap	DSS_0031	paper_2481
DSS	any_overlap	DSS_0143	paper_2719
DSS	any_overlap	DSS_0249	paper_2144
DSS	any_overlap	DSS_0042	paper_0707
DSS	any_overlap	DSS_0008	paper_1496
DSS	any_overlap	DSS_0139	paper_0811
DSS	any_overlap	DSS_0236	paper_3045
DSS	any_overlap	DSS_0094	paper_2886
DSS	any_overlap	DSS_0027	paper_1739
DSS	any_overlap	DSS_0173	paper_3166
DSS	any_overlap	DSS_0200	paper_1932
DSS	any_overlap	DSS_0092	paper_0788
DSS	any_overlap	DSS_0099	paper_1262
DSS	any_overlap	DSS_0251	paper_0715
DSS	any_overlap	DSS_0135	paper_1506
DSS	any_overlap	DSS_0114	paper_0343
DSS	any_overlap	DSS_0194	paper_2912
DSS	any_overlap	DSS_0095	paper_2477
DSS	reciprocal_25pct	DSS_0056	paper_0395
DSS	reciprocal_25pct	DSS_0022	paper_0216
DSS	reciprocal_25pct	DSS_0193	paper_1463
DSS	reciprocal_25pct	DSS_0166	paper_0572
DSS	reciprocal_25pct	DSS_0133	paper_3152
DSS	reciprocal_25pct	DSS_0101	paper_2292
DSS	reciprocal_25pct	DSS_0208	paper_1847
DSS	reciprocal_25pct	DSS_0052	paper_3031
DSS	reciprocal_25pct	DSS_0078	paper_1556
DSS	reciprocal_25pct	DSS_0109	paper_3062
DSS	reciprocal_25pct	DSS_0028	paper_0288
DSS	reciprocal_25pct	DSS_0176	paper_0814
DSS	reciprocal_25pct	DSS_0191	paper_0135
DSS	reciprocal_25pct	DSS_0160	paper_2645
DSS	reciprocal_25pct	DSS_0054	paper_0711
DSS	reciprocal_25pct	DSS_0237	paper_2288
DSS	reciprocal_25pct	DSS_0154	paper_2677
DSS	reciprocal_25pct	DSS_0039	paper_2960
DSS	reciprocal_25pct	DSS_0252	paper_2108
DSS	reciprocal_25pct	DSS_0202	paper_1074
DSS	reciprocal_25pct	DSS_0108	paper_1555
DSS	reciprocal_25pct	DSS_0064	paper_0947
DSS	reciprocal_25pct	DSS_0157	paper_0127
DSS	reciprocal_25pct	DSS_0093	paper_1706
DSS	reciprocal_25pct	DSS_0230	paper_0613
DSS	reciprocal_25pct	DSS_0156	paper_2808
DSS	reciprocal_25pct	DSS_0162	paper_0314
DSS	reciprocal_25pct	DSS_0234	paper_3238
DSS	reciprocal_25pct	DSS_0233	paper_1811
DSS	reciprocal_25pct	DSS_0025	paper_3180
DSS	reciprocal_25pct	DSS_0170	paper_0024
DSS	reciprocal_25pct	DSS_0113	paper_0965
DSS	reciprocal_25pct	DSS_0199	paper_1172
DSS	reciprocal_25pct	DSS_0158	paper_1362
DSS	reciprocal_25pct	DSS_0218	paper_1440
DSS	reciprocal_25pct	DSS_0178	paper_0484
DSS	reciprocal_25pct	DSS_0192	paper_2862
DSS	reciprocal_25pct	DSS_0123	paper_1718
DSS	reciprocal_25pct	DSS_0161	paper_2155
DSS	reciprocal_25pct	DSS_0071	paper_3195
DSS	reciprocal_25pct	DSS_0040	paper_1998
DSS	reciprocal_25pct	DSS_0058	paper_0709
DSS	reciprocal_25pct	DSS_0053	paper_1819
DSS	reciprocal_25pct	DSS_0050	paper_0058
DSS	reciprocal_25pct	DSS_0019	paper_1976
DSS	reciprocal_25pct	DSS_0205	paper_0514
DSS	reciprocal_25pct	DSS_0076	paper_0771
DSS	reciprocal_25pct	DSS_0225	paper_2758
DSS	reciprocal_25pct	DSS_0051	paper_0569
DSS	reciprocal_25pct	DSS_0214	paper_3049
DSS	reciprocal_25pct	DSS_0006	paper_1132
DSS	reciprocal_25pct	DSS_0146	paper_1201
DSS	reciprocal_25pct	DSS_0243	paper_2554
DSS	reciprocal_25pct	DSS_0204	paper_2354
DSS	reciprocal_25pct	DSS_0179	paper_2794
DSS	reciprocal_25pct	DSS_0221	paper_1423
DSS	reciprocal_25pct	DSS_0142	paper_1904
DSS	reciprocal_25pct	DSS_0097	paper_1467
DSS	reciprocal_25pct	DSS_0041	paper_1669
DSS	reciprocal_25pct	DSS_0224	paper_0507
DSS	reciprocal_25pct	DSS_0216	paper_2543
DSS	reciprocal_25pct	DSS_0148	paper_0229
DSS	reciprocal_25pct	DSS_0184	paper_1316
DSS	reciprocal_25pct	DSS_0014	paper_1841
DSS	reciprocal_25pct	DSS_0060	paper_0281
DSS	reciprocal_25pct	DSS_0201	paper_1620
DSS	reciprocal_25pct	DSS_0082	paper_0875
DSS	reciprocal_25pct	DSS_0196	paper_2526
DSS	reciprocal_25pct	DSS_0153	paper_0112
DSS	reciprocal_25pct	DSS_0106	paper_0287
DSS	reciprocal_25pct	DSS_0181	paper_1060
DSS	reciprocal_25pct	DSS_0222	paper_3259
DSS	reciprocal_25pct	DSS_0073	paper_2342
DSS	reciprocal_25pct	DSS_0045	paper_1799
DSS	reciprocal_25pct	DSS_0213	paper_0614
DSS	reciprocal_25pct	DSS_0190	paper_2488
DSS	reciprocal_25pct	DSS_0069	paper_0499
DSS	reciprocal_25pct	DSS_0037	paper_1696
DSS	reciprocal_25pct	DSS_0168	paper_2841
DSS	reciprocal_25pct	DSS_0038	paper_3158
DSS	reciprocal_25pct	DSS_0081	paper_1628
DSS	reciprocal_25pct	DSS_0048	paper_2022
DSS	reciprocal_25pct	DSS_0248	paper_0179
DSS	reciprocal_25pct	DSS_0072	paper_2939
DSS	reciprocal_25pct	DSS_0151	paper_2341
DSS	reciprocal_25pct	DSS_0242	paper_2175
DSS	reciprocal_25pct	DSS_0103	paper_0181
DSS	reciprocal_25pct	DSS_0232	paper_0753
DSS	reciprocal_25pct	DSS_0090	paper_0861
DSS	reciprocal_25pct	DSS_0036	paper_0069
DSS	reciprocal_25pct	DSS_0034	paper_2768
DSS	reciprocal_25pct	DSS_0089	paper_0989
DSS	reciprocal_25pct	DSS_0047	paper_2239
DSS	reciprocal_25pct	DSS_0197	paper_3198
DSS	reciprocal_25pct	DSS_0118	paper_3226
DSS	reciprocal_25pct	DSS_0021	paper_2036
DSS	reciprocal_25pct	DSS_0226	paper_0192
DSS	reciprocal_25pct	DSS_0220	paper_0704
DSS	reciprocal_25pct	DSS_0138	paper_3142
DSS	reciprocal_25pct	DSS_0227	paper_2010
DSS	reciprocal_25pct	DSS_0068	paper_0747
DSS	reciprocal_25pct	DSS_0126	paper_0623
DSS	reciprocal_25pct	DSS_0067	paper_3157
DSS	reciprocal_25pct	DSS_0169	paper_2961
DSS	reciprocal_25pct	DSS_0105	paper_2089
DSS	reciprocal_25pct	DSS_0112	paper_1585
DSS	reciprocal_25pct	DSS_0164	paper_2870
DSS	reciprocal_25pct	DSS_0147	paper_2464
DSS	reciprocal_25pct	DSS_0130	paper_1369
DSS	reciprocal_25pct	DSS_0061	paper_0294
DSS	reciprocal_25pct	DSS_0174	paper_1286
DSS	reciprocal_25pct	DSS_0180	paper_2450
DSS	reciprocal_25pct	DSS_0250	paper_2091
DSS	reciprocal_25pct	DSS_0122	paper_0793
DSS	reciprocal_25pct	DSS_0185	paper_1153
DSS	reciprocal_25pct	DSS_0023	paper_0275
DSS	reciprocal_25pct	DSS_0240	paper_0186
DSS	reciprocal_25pct	DSS_0049	paper_1134
DSS	reciprocal_25pct	DSS_0044	paper_0637
DSS	reciprocal_25pct	DSS_0127	paper_0925
DSS	reciprocal_25pct	DSS_0175	paper_2066
DSS	reciprocal_25pct	DSS_0140	paper_1213
DSS	reciprocal_25pct	DSS_0026	paper_2267
DSS	reciprocal_25pct	DSS_0063	paper_3197
DSS	reciprocal_25pct	DSS_0080	paper_3207
DSS	reciprocal_25pct	DSS_0150	paper_2240
DSS	reciprocal_25pct	DSS_0124	paper_0404
DSS	reciprocal_25pct	DSS_0198	paper_0265
DSS	reciprocal_25pct	DSS_0129	paper_1317
DSS	reciprocal_25pct	DSS_0032	paper_2435
DSS	reciprocal_25pct	DSS_0107	paper_3119
DSS	reciprocal_25pct	DSS_0231	paper_1938
DSS	reciprocal_25pct	DSS_0119	paper_0126
DSS	reciprocal_25pct	DSS_0065	paper_2563
DSS	reciprocal_25pct	DSS_0187	paper_1861
DSS	reciprocal_25pct	DSS_0013	paper_1318
DSS	reciprocal_25pct	DSS_0212	paper_0532
DSS	reciprocal_25pct	DSS_0117	paper_1135
DSS	reciprocal_25pct	DSS_0245	paper_1837
DSS	reciprocal_25pct	DSS_0125	paper_0624
DSS	reciprocal_25pct	DSS_0024	paper_2489
DSS	reciprocal_25pct	DSS_0149	paper_3144
DSS	reciprocal_25pct	DSS_0121	paper_0622
DSS	reciprocal_25pct	DSS_0111	paper_0368
DSS	reciprocal_25pct	DSS_0084	paper_3105
DSS	reciprocal_25pct	DSS_0087	paper_1366
DSS	reciprocal_25pct	DSS_0075	paper_2444
DSS	reciprocal_25pct	DSS_0207	paper_2300
DSS	reciprocal_25pct	DSS_0209	paper_3164
DSS	reciprocal_25pct	DSS_0120	paper_0553
DSS	reciprocal_25pct	DSS_0079	paper_0578
DSS	reciprocal_25pct	DSS_0132	paper_0528
DSS	reciprocal_25pct	DSS_0059	paper_2855
DSS	reciprocal_25pct	DSS_0035	paper_1176
DSS	reciprocal_25pct	DSS_0085	paper_0570
DSS	reciprocal_25pct	DSS_0143	paper_2719
DSS	reciprocal_25pct	DSS_0042	paper_0707
DSS	reciprocal_25pct	DSS_0008	paper_1496
DSS	reciprocal_25pct	DSS_0139	paper_0811
DSS	reciprocal_25pct	DSS_0236	paper_3045
DSS	reciprocal_25pct	DSS_0094	paper_2886
DSS	reciprocal_25pct	DSS_0027	paper_1739
DSS	reciprocal_25pct	DSS_0173	paper_3166
DSS	reciprocal_25pct	DSS_0200	paper_1932
DSS	reciprocal_25pct	DSS_0092	paper_0788
DSS	reciprocal_25pct	DSS_0099	paper_1262
DSS	reciprocal_25pct	DSS_0251	paper_0715
DSS	reciprocal_25pct	DSS_0135	paper_1506
DSS	reciprocal_25pct	DSS_0114	paper_0343
DSS	reciprocal_25pct	DSS_0194	paper_2912
DSS	reciprocal_25pct	DSS_0095	paper_2477
DSS	reciprocal_50pct	DSS_0022	paper_0216
DSS	reciprocal_50pct	DSS_0193	paper_1463
DSS	reciprocal_50pct	DSS_0166	paper_0572
DSS	reciprocal_50pct	DSS_0101	paper_2292
DSS	reciprocal_50pct	DSS_0208	paper_1847
DSS	reciprocal_50pct	DSS_0078	paper_1556
DSS	reciprocal_50pct	DSS_0109	paper_3062
DSS	reciprocal_50pct	DSS_0028	paper_0288
DSS	reciprocal_50pct	DSS_0176	paper_0814
DSS	reciprocal_50pct	DSS_0160	paper_2645
DSS	reciprocal_50pct	DSS_0154	paper_2677
DSS	reciprocal_50pct	DSS_0039	paper_2960
DSS	reciprocal_50pct	DSS_0252	paper_2108
DSS	reciprocal_50pct	DSS_0202	paper_1074
DSS	reciprocal_50pct	DSS_0108	paper_1555
DSS	reciprocal_50pct	DSS_0064	paper_0947
DSS	reciprocal_50pct	DSS_0093	paper_1706
DSS	reciprocal_50pct	DSS_0156	paper_2808
DSS	reciprocal_50pct	DSS_0162	paper_0314
DSS	reciprocal_50pct	DSS_0234	paper_3238
DSS	reciprocal_50pct	DSS_0233	paper_1811
DSS	reciprocal_50pct	DSS_0025	paper_3180
DSS	reciprocal_50pct	DSS_0170	paper_0024
DSS	reciprocal_50pct	DSS_0113	paper_0965
DSS	reciprocal_50pct	DSS_0199	paper_1172
DSS	reciprocal_50pct	DSS_0158	paper_1362
DSS	reciprocal_50pct	DSS_0218	paper_1440
DSS	reciprocal_50pct	DSS_0178	paper_0484
DSS	reciprocal_50pct	DSS_0192	paper_2862
DSS	reciprocal_50pct	DSS_0123	paper_1718
DSS	reciprocal_50pct	DSS_0071	paper_3195
DSS	reciprocal_50pct	DSS_0040	paper_1998
DSS	reciprocal_50pct	DSS_0058	paper_0709
DSS	reciprocal_50pct	DSS_0053	paper_1819
DSS	reciprocal_50pct	DSS_0019	paper_1976
DSS	reciprocal_50pct	DSS_0205	paper_0514
DSS	reciprocal_50pct	DSS_0225	paper_2758
DSS	reciprocal_50pct	DSS_0051	paper_0569
DSS	reciprocal_50pct	DSS_0006	paper_1132
DSS	reciprocal_50pct	DSS_0146	paper_1201
DSS	reciprocal_50pct	DSS_0204	paper_2354
DSS	reciprocal_50pct	DSS_0179	paper_2794
DSS	reciprocal_50pct	DSS_0221	paper_1423
DSS	reciprocal_50pct	DSS_0142	paper_1904
DSS	reciprocal_50pct	DSS_0041	paper_1669
DSS	reciprocal_50pct	DSS_0216	paper_2543
DSS	reciprocal_50pct	DSS_0148	paper_0229
DSS	reciprocal_50pct	DSS_0014	paper_1841
DSS	reciprocal_50pct	DSS_0060	paper_0281
DSS	reciprocal_50pct	DSS_0201	paper_1620
DSS	reciprocal_50pct	DSS_0153	paper_0112
DSS	reciprocal_50pct	DSS_0106	paper_0287
DSS	reciprocal_50pct	DSS_0181	paper_1060
DSS	reciprocal_50pct	DSS_0073	paper_2342
DSS	reciprocal_50pct	DSS_0213	paper_0614
DSS	reciprocal_50pct	DSS_0190	paper_2488
DSS	reciprocal_50pct	DSS_0069	paper_0499
DSS	reciprocal_50pct	DSS_0037	paper_1696
DSS	reciprocal_50pct	DSS_0038	paper_3158
DSS	reciprocal_50pct	DSS_0081	paper_1628
DSS	reciprocal_50pct	DSS_0048	paper_2022
DSS	reciprocal_50pct	DSS_0248	paper_0179
DSS	reciprocal_50pct	DSS_0072	paper_2939
DSS	reciprocal_50pct	DSS_0151	paper_2341
DSS	reciprocal_50pct	DSS_0242	paper_2175
DSS	reciprocal_50pct	DSS_0103	paper_0181
DSS	reciprocal_50pct	DSS_0232	paper_0753
DSS	reciprocal_50pct	DSS_0090	paper_0861
DSS	reciprocal_50pct	DSS_0036	paper_0069
DSS	reciprocal_50pct	DSS_0034	paper_2768
DSS	reciprocal_50pct	DSS_0089	paper_0989
DSS	reciprocal_50pct	DSS_0047	paper_2239
DSS	reciprocal_50pct	DSS_0197	paper_3198
DSS	reciprocal_50pct	DSS_0021	paper_2036
DSS	reciprocal_50pct	DSS_0226	paper_0192
DSS	reciprocal_50pct	DSS_0220	paper_0704
DSS	reciprocal_50pct	DSS_0138	paper_3142
DSS	reciprocal_50pct	DSS_0068	paper_0747
DSS	reciprocal_50pct	DSS_0126	paper_0623
DSS	reciprocal_50pct	DSS_0169	paper_2961
DSS	reciprocal_50pct	DSS_0105	paper_2089
DSS	reciprocal_50pct	DSS_0112	paper_1585
DSS	reciprocal_50pct	DSS_0164	paper_2870
DSS	reciprocal_50pct	DSS_0147	paper_2464
DSS	reciprocal_50pct	DSS_0130	paper_1369
DSS	reciprocal_50pct	DSS_0061	paper_0294
DSS	reciprocal_50pct	DSS_0180	paper_2450
DSS	reciprocal_50pct	DSS_0250	paper_2091
DSS	reciprocal_50pct	DSS_0122	paper_0793
DSS	reciprocal_50pct	DSS_0185	paper_1153
DSS	reciprocal_50pct	DSS_0240	paper_0186
DSS	reciprocal_50pct	DSS_0049	paper_1134
DSS	reciprocal_50pct	DSS_0044	paper_0637
DSS	reciprocal_50pct	DSS_0026	paper_2267
DSS	reciprocal_50pct	DSS_0150	paper_2240
DSS	reciprocal_50pct	DSS_0124	paper_0404
DSS	reciprocal_50pct	DSS_0198	paper_0265
DSS	reciprocal_50pct	DSS_0129	paper_1317
DSS	reciprocal_50pct	DSS_0032	paper_2435
DSS	reciprocal_50pct	DSS_0119	paper_0126
DSS	reciprocal_50pct	DSS_0187	paper_1861
DSS	reciprocal_50pct	DSS_0013	paper_1318
DSS	reciprocal_50pct	DSS_0212	paper_0532
DSS	reciprocal_50pct	DSS_0117	paper_1135
DSS	reciprocal_50pct	DSS_0245	paper_1837
DSS	reciprocal_50pct	DSS_0125	paper_0624
DSS	reciprocal_50pct	DSS_0024	paper_2489
DSS	reciprocal_50pct	DSS_0149	paper_3144
DSS	reciprocal_50pct	DSS_0121	paper_0622
DSS	reciprocal_50pct	DSS_0084	paper_3105
DSS	reciprocal_50pct	DSS_0087	paper_1366
DSS	reciprocal_50pct	DSS_0075	paper_2444
DSS	reciprocal_50pct	DSS_0207	paper_2300
DSS	reciprocal_50pct	DSS_0079	paper_0578
DSS	reciprocal_50pct	DSS_0132	paper_0528
DSS	reciprocal_50pct	DSS_0059	paper_2855
DSS	reciprocal_50pct	DSS_0035	paper_1176
DSS	reciprocal_50pct	DSS_0143	paper_2719
DSS	reciprocal_50pct	DSS_0042	paper_0707
DSS	reciprocal_50pct	DSS_0008	paper_1496
DSS	reciprocal_50pct	DSS_0139	paper_0811
DSS	reciprocal_50pct	DSS_0236	paper_3045
DSS	reciprocal_50pct	DSS_0094	paper_2886
DSS	reciprocal_50pct	DSS_0027	paper_1739
DSS	reciprocal_50pct	DSS_0173	paper_3166
DSS	reciprocal_50pct	DSS_0092	paper_0788
DSS	reciprocal_50pct	DSS_0251	paper_0715
DSS	reciprocal_50pct	DSS_0135	paper_1506
DSS	reciprocal_50pct	DSS_0114	paper_0343
DSS	reciprocal_50pct	DSS_0095	paper_2477
DSS	reciprocal_80pct	DSS_0124	paper_0404
DSS	reciprocal_80pct	DSS_0051	paper_0569
DSS	reciprocal_80pct	DSS_0022	paper_0216
DSS	reciprocal_80pct	DSS_0119	paper_0126
DSS	reciprocal_80pct	DSS_0101	paper_2292
DSS	reciprocal_80pct	DSS_0036	paper_0069
DSS	reciprocal_80pct	DSS_0034	paper_2768
DSS	reciprocal_80pct	DSS_0089	paper_0989
DSS	reciprocal_80pct	DSS_0204	paper_2354
DSS	reciprocal_80pct	DSS_0028	paper_0288
DSS	reciprocal_80pct	DSS_0047	paper_2239
DSS	reciprocal_80pct	DSS_0187	paper_1861
DSS	reciprocal_80pct	DSS_0179	paper_2794
DSS	reciprocal_80pct	DSS_0197	paper_3198
DSS	reciprocal_80pct	DSS_0245	paper_1837
DSS	reciprocal_80pct	DSS_0125	paper_0624
DSS	reciprocal_80pct	DSS_0024	paper_2489
DSS	reciprocal_80pct	DSS_0041	paper_1669
DSS	reciprocal_80pct	DSS_0226	paper_0192
DSS	reciprocal_80pct	DSS_0220	paper_0704
DSS	reciprocal_80pct	DSS_0216	paper_2543
DSS	reciprocal_80pct	DSS_0154	paper_2677
DSS	reciprocal_80pct	DSS_0138	paper_3142
DSS	reciprocal_80pct	DSS_0207	paper_2300
DSS	reciprocal_80pct	DSS_0068	paper_0747
DSS	reciprocal_80pct	DSS_0039	paper_2960
DSS	reciprocal_80pct	DSS_0202	paper_1074
DSS	reciprocal_80pct	DSS_0060	paper_0281
DSS	reciprocal_80pct	DSS_0153	paper_0112
DSS	reciprocal_80pct	DSS_0132	paper_0528
DSS	reciprocal_80pct	DSS_0181	paper_1060
DSS	reciprocal_80pct	DSS_0105	paper_2089
DSS	reciprocal_80pct	DSS_0156	paper_2808
DSS	reciprocal_80pct	DSS_0139	paper_0811
DSS	reciprocal_80pct	DSS_0112	paper_1585
DSS	reciprocal_80pct	DSS_0173	paper_3166
DSS	reciprocal_80pct	DSS_0234	paper_3238
DSS	reciprocal_80pct	DSS_0162	paper_0314
DSS	reciprocal_80pct	DSS_0233	paper_1811
DSS	reciprocal_80pct	DSS_0025	paper_3180
DSS	reciprocal_80pct	DSS_0147	paper_2464
DSS	reciprocal_80pct	DSS_0069	paper_0499
DSS	reciprocal_80pct	DSS_0061	paper_0294
DSS	reciprocal_80pct	DSS_0113	paper_0965
DSS	reciprocal_80pct	DSS_0199	paper_1172
DSS	reciprocal_80pct	DSS_0250	paper_2091
DSS	reciprocal_80pct	DSS_0037	paper_1696
DSS	reciprocal_80pct	DSS_0038	paper_3158
DSS	reciprocal_80pct	DSS_0092	paper_0788
DSS	reciprocal_80pct	DSS_0192	paper_2862
DSS	reciprocal_80pct	DSS_0251	paper_0715
DSS	reciprocal_80pct	DSS_0240	paper_0186
DSS	reciprocal_80pct	DSS_0135	paper_1506
DSS	reciprocal_80pct	DSS_0081	paper_1628
DSS	reciprocal_80pct	DSS_0114	paper_0343
DSS	reciprocal_80pct	DSS_0049	paper_1134
DSS	reciprocal_80pct	DSS_0248	paper_0179
DSS	reciprocal_80pct	DSS_0019	paper_1976
DSS	reciprocal_80pct	DSS_0205	paper_0514
DSS	reciprocal_80pct	DSS_0090	paper_0861
