tool	call_index	paper_index	call_id	paper_id	chrom	call_start	call_end	paper_start	paper_end	call_direction	paper_direction	same_direction	overlap_bp	fraction_call	fraction_paper	interval_jaccard	paper_gene
epykit	0	14	epykit_0001	paper_0015	chr1	8266569	8266713	8266570	8266714	hypo	hypo	True	144	0.993103448275862	0.993103448275862	0.9863013698630136	SLC45A1
epykit	1	23	epykit_0002	paper_0024	chr1	11889502	11889822	11889529	11889823	hypo	hypo	True	294	0.9158878504672897	0.9966101694915255	0.9130434782608695	CLCN6
epykit	2	27	epykit_0003	paper_0028	chr1	12475183	12475833	12475037	12475428	hypo	hypo	True	246	0.3778801843317972	0.6275510204081632	0.3086574654956085	VPS13D
epykit	3	35	epykit_0004	paper_0036	chr1	15786681	15787038	15786485	15786779	hypo	hypo	True	99	0.276536312849162	0.33559322033898303	0.17870036101083034	CELA2A
epykit	4	38	epykit_0005	paper_0039	chr1	16274937	16275044	16275011	16275074	hypo	hypo	True	34	0.3148148148148148	0.53125	0.2463768115942029	ZBTB17
epykit	5	50	epykit_0006	paper_0051	chr1	21619470	21619581	21619150	21619471	hypo	hypo	True	2	0.017857142857142856	0.006211180124223602	0.004629629629629629	ECE1
epykit	7	57	epykit_0008	paper_0058	chr1	25297008	25297157	25297050	25297186	hypo	hypo	True	108	0.72	0.7883211678832117	0.6033519553072626	RUNX3
epykit	8	65	epykit_0009	paper_0066	chr1	26906020	26906493	26906265	26906827	hypo	hypo	True	229	0.4831223628691983	0.4067495559502664	0.2834158415841584	RPS6KA1
epykit	9	68	epykit_0010	paper_0069	chr1	27165400	27165673	27165289	27165674	hypo	hypo	True	274	1.0	0.7098445595854922	0.7098445595854922	ZDHHC18
epykit	14	125	epykit_0015	paper_0126	chr1	85435509	85435645	85435400	85435646	hypo	hypo	True	137	1.0	0.5546558704453441	0.5546558704453441	MCOLN2
epykit	15	126	epykit_0016	paper_0127	chr1	85461162	85462032	85461300	85461896	hypo	hypo	True	597	0.6854190585533869	1.0	0.6854190585533869	MCOLN2
epykit	19	153	epykit_0020	paper_0154	chr1	117129151	117129712	117129532	117129713	hypo	hypo	True	181	0.3220640569395018	0.9945054945054945	0.32149200710479575	IGSF3
epykit	20	160	epykit_0021	paper_0161	chr1	151029326	151029975	151029666	151030098	hypo	hypo	True	310	0.47692307692307695	0.7159353348729792	0.40103492884864167	CDC42SE1
epykit	21	165	epykit_0022	paper_0166	chr1	153704879	153705023	153704668	153704982	hypo	hypo	True	104	0.7172413793103448	0.33015873015873015	0.29213483146067415	INTS3
epykit	24	215	epykit_0025	paper_0216	chr1	201373045	201373542	201372948	201373427	hypo	hypo	True	383	0.7690763052208835	0.7979166666666667	0.6436974789915967	LAD1
epykit	25	234	epykit_0026	paper_0235	chr1	212954269	212954617	212954270	212954302	hypo	hypo	True	33	0.09455587392550144	1.0	0.09455587392550144	NSL1
epykit	27	262	epykit_0028	paper_0263	chr1	235994232	235994829	235994233	235995057	hypo	hypo	True	597	0.9983277591973244	0.7236363636363636	0.7227602905569007	LYST
epykit	28	264	epykit_0029	paper_0265	chr1	236323242	236323387	236323233	236323536	hypo	hypo	True	146	1.0	0.48026315789473684	0.48026315789473684	GPR137B
epykit	33	274	epykit_0034	paper_0275	chr10	3929018	3929366	3929019	3929883	hypo	hypo	True	348	0.997134670487106	0.4023121387283237	0.4018475750577367	KLF6
epykit	36	282	epykit_0037	paper_0283	chr10	6437522	6437802	6437631	6437882	hyper	hyper	True	172	0.6120996441281139	0.6825396825396826	0.47645429362880887	DKFZP667F0711
epykit	37	287	epykit_0038	paper_0288	chr10	11318022	11318734	11318184	11318867	hypo	hypo	True	551	0.7727910238429172	0.8055555555555556	0.6513002364066194	CELF2
epykit	38	293	epykit_0039	paper_0294	chr10	12677243	12677404	12677044	12677477	hypo	hypo	True	162	1.0	0.37327188940092165	0.37327188940092165	CAMK1D
epykit	43	347	epykit_0044	paper_0348	chr10	70813672	70813817	70813673	70813868	hypo	hypo	True	145	0.9931506849315068	0.7397959183673469	0.7360406091370558	SRGN
epykit	44	355	epykit_0045	paper_0356	chr10	74303593	74303922	74303764	74303813	hyper	hyper	True	50	0.15151515151515152	1.0	0.15151515151515152	MICU1
epykit	48	396	epykit_0049	paper_0397	chr10	112170583	112170771	112170325	112170715	hypo	hypo	True	133	0.7037037037037037	0.340153452685422	0.2975391498881432	DUSP5
epykit	52	475	epykit_0053	paper_0476	chr11	34252994	34253328	34253319	34253385	hypo	hypo	True	10	0.029850746268656716	0.14925373134328357	0.025510204081632654	ABTB2
epykit	53	476	epykit_0054	paper_0477	chr11	34265241	34265888	34265242	34265563	hypo	hypo	True	322	0.49691358024691357	1.0	0.49691358024691357	ABTB2
epykit	54	481	epykit_0055	paper_0482	chr11	35880804	35881557	35880745	35881064	hypo	hypo	True	261	0.34615384615384615	0.815625	0.3210332103321033	LDLRAD3
epykit	57	513	epykit_0058	paper_0514	chr11	63375986	63376684	63376472	63376685	hypo	hypo	True	213	0.30472103004291845	0.9953271028037384	0.30428571428571427	PLA2G16
epykit	59	531	epykit_0060	paper_0532	chr11	66697125	66697552	66697126	66697553	hypo	hypo	True	427	0.9976635514018691	0.9976635514018691	0.9953379953379954	PC
epykit	63	577	epykit_0064	paper_0578	chr11	110220484	110220681	110220270	110220902	hypo	hypo	True	198	1.0	0.3127962085308057	0.3127962085308057	RDX
epykit	66	612	epykit_0067	paper_0613	chr12	778340	778537	778202	778548	hypo	hypo	True	198	1.0	0.5706051873198847	0.5706051873198847	NINJ2
epykit	67	613	epykit_0068	paper_0614	chr12	788291	788571	788246	788572	hypo	hypo	True	281	1.0	0.8593272171253823	0.8593272171253823	NINJ2
epykit	68	622	epykit_0069	paper_0623	chr12	4085678	4086104	4085679	4086105	hypo	hypo	True	426	0.9976580796252927	0.9976580796252927	0.9953271028037384	PARP11
epykit	69	623	epykit_0070	paper_0624	chr12	4255524	4255678	4255525	4255813	hypo	hypo	True	154	0.9935483870967742	0.532871972318339	0.5310344827586206	CCND2
epykit	70	636	epykit_0071	paper_0637	chr12	11977107	11977296	11977108	11977450	hypo	hypo	True	189	0.9947368421052631	0.5510204081632653	0.5494186046511628	ETV6
epykit	73	664	epykit_0074	paper_0665	chr12	47611981	47612318	47611854	47612176	hypo	hypo	True	196	0.5798816568047337	0.6068111455108359	0.421505376344086	PCED1B
epykit	76	706	epykit_0077	paper_0707	chr12	92458830	92459111	92458687	92459112	hypo	hypo	True	282	1.0	0.6619718309859155	0.6619718309859155	C12orf79
epykit	77	708	epykit_0078	paper_0709	chr12	92896721	92897318	92896440	92897335	hypo	hypo	True	598	1.0	0.6674107142857143	0.6674107142857143	CLLU1OS
epykit	78	710	epykit_0079	paper_0711	chr12	92947266	92947451	92946931	92947924	hypo	hypo	True	186	1.0	0.18712273641851107	0.18712273641851107	CLLU1OS
epykit	83	746	epykit_0084	paper_0747	chr12	112587380	112587724	112587246	112587888	hypo	hypo	True	345	1.0	0.536547433903577	0.536547433903577	TRAFD1
epykit	87	770	epykit_0088	paper_0771	chr12	123205282	123205784	123205661	123205742	hypo	hypo	True	82	0.16302186878727634	1.0	0.16302186878727634	HCAR1
epykit	88	787	epykit_0089	paper_0788	chr12	131576001	131576216	131575945	131576217	hypo	hypo	True	216	1.0	0.7912087912087912	0.7912087912087912	GPR133
epykit	90	792	epykit_0091	paper_0793	chr12	133069334	133069455	133069284	133069456	hypo	hypo	True	122	1.0	0.7052023121387283	0.7052023121387283	FBRSL1
epykit	92	810	epykit_0093	paper_0811	chr13	27705063	27705647	27705445	27705648	hypo	hypo	True	203	0.347008547008547	0.9950980392156863	0.3464163822525597	USP12
epykit	93	841	epykit_0094	paper_0842	chr13	50702913	50703043	50702981	50703057	hypo	hypo	True	63	0.48091603053435117	0.8181818181818182	0.43448275862068964	DLEU1
epykit	96	860	epykit_0097	paper_0861	chr13	100047927	100048060	100047899	100048178	hypo	hypo	True	134	1.0	0.4785714285714286	0.4785714285714286	GPR183
epykit	102	924	epykit_0103	paper_0925	chr14	61657311	61657491	61657312	61657492	hypo	hypo	True	180	0.994475138121547	0.994475138121547	0.989010989010989	PRKCH
epykit	104	941	epykit_0105	paper_0942	chr14	73893913	73894044	73893914	73894039	hyper	hyper	True	126	0.9545454545454546	1.0	0.9545454545454546	NUMB
epykit	105	946	epykit_0106	paper_0947	chr14	76017631	76017870	76017632	76018064	hypo	hypo	True	239	0.9958333333333333	0.5519630484988453	0.5506912442396313	FLVCR2
epykit	106	973	epykit_0107	paper_0974	chr14	93977030	93977465	93977031	93977540	hypo	hypo	True	435	0.9977064220183486	0.8529411764705882	0.8512720156555773	UNC79
epykit	108	988	epykit_0109	paper_0989	chr14	102302574	102302770	102302575	102302771	hypo	hypo	True	196	0.9949238578680203	0.9949238578680203	0.98989898989899	PPP2R5C
epykit	109	991	epykit_0110	paper_0992	chr14	103230617	103230871	103230438	103230872	hypo	hypo	True	255	1.0	0.5862068965517241	0.5862068965517241	TRAF3
epykit	112	1005	epykit_0113	paper_1006	chr14	105532917	105533021	105532918	105533022	hypo	hypo	True	104	0.9904761904761905	0.9904761904761905	0.9811320754716981	GPR132
epykit	117	1051	epykit_0118	paper_1052	chr15	66209557	66209978	66209558	66209615	hypo	hypo	True	58	0.13744075829383887	1.0	0.13744075829383887	MEGF11
epykit	117	1052	epykit_0118	paper_1053	chr15	66209557	66209978	66209947	66210017	hypo	hypo	True	32	0.07582938388625593	0.4507042253521127	0.06941431670281996	MEGF11
epykit	118	1081	epykit_0119	paper_1082	chr15	85909568	85909895	85909562	85909730	hypo	hypo	True	163	0.4969512195121951	0.9644970414201184	0.4880239520958084	AKAP13
epykit	119	1091	epykit_0120	paper_1092	chr15	92490074	92490150	92489857	92490151	hypo	hypo	True	77	1.0	0.26101694915254237	0.26101694915254237	SLCO3A1
epykit	124	1131	epykit_0125	paper_1132	chr16	10869071	10869476	10869174	10869477	hypo	hypo	True	303	0.7463054187192119	0.9967105263157895	0.7444717444717445	TVP23A
epykit	126	1133	epykit_0127	paper_1134	chr16	11277167	11277375	11277103	11277453	hypo	hypo	True	209	1.0	0.5954415954415955	0.5954415954415955	RMI2
epykit	128	1146	epykit_0129	paper_1147	chr16	17002013	17002383	17002014	17002091	hypo	hypo	True	78	0.21024258760107817	1.0	0.21024258760107817	NPIPA7
epykit	133	1167	epykit_0134	paper_1168	chr16	31006606	31006790	31006670	31006860	hypo	hypo	True	121	0.654054054054054	0.6335078534031413	0.4745098039215686	STX1B
epykit	135	1175	epykit_0136	paper_1176	chr16	50117731	50118093	50117682	50118356	hypo	hypo	True	363	1.0	0.5377777777777778	0.5377777777777778	HEATR3
epykit	136	1186	epykit_0137	paper_1187	chr16	67345492	67346127	67345737	67346128	hypo	hypo	True	391	0.6147798742138365	0.9974489795918368	0.6138147566718996	KCTD19
epykit	137	1199	epykit_0138	paper_1200	chr16	70819029	70819211	70819173	70819212	hypo	hypo	True	39	0.21311475409836064	0.975	0.21195652173913043	VAC14
epykit	138	1213	epykit_0139	paper_1214	chr16	80614165	80614604	80614312	80614543	hypo	hypo	True	232	0.5272727272727272	1.0	0.5272727272727272	DYNLRB2
epykit	140	1240	epykit_0141	paper_1241	chr16	88511863	88511918	88511861	88511947	hypo	hypo	True	56	1.0	0.6436781609195402	0.6436781609195402	ZFPM1
epykit	143	1254	epykit_0144	paper_1255	chr17	1911702	1911755	1911698	1911756	hyper	hyper	True	54	1.0	0.9152542372881356	0.9152542372881356	RTN4RL1
epykit	144	1257	epykit_0145	paper_1258	chr17	2703729	2703898	2703812	2703886	hypo	hypo	True	75	0.4411764705882353	1.0	0.4411764705882353	RAP1GAP2
epykit	146	1261	epykit_0147	paper_1262	chr17	3989565	3990051	3989372	3989734	hypo	hypo	True	170	0.3490759753593429	0.46831955922865015	0.25	ZZEF1
epykit	147	1271	epykit_0148	paper_1272	chr17	5524329	5524666	5524330	5524865	hypo	hypo	True	337	0.9970414201183432	0.628731343283582	0.62756052141527	NLRP1
epykit	153	1314	epykit_0154	paper_1315	chr17	38717232	38717305	38717200	38717499	hypo	hypo	True	74	1.0	0.24666666666666667	0.24666666666666667	CCR7
epykit	154	1317	epykit_0155	paper_1318	chr17	38755602	38755860	38755603	38755933	hypo	hypo	True	258	0.9961389961389961	0.7794561933534743	0.7771084337349398	CCR7
epykit	157	1361	epykit_0158	paper_1362	chr17	62735838	62736094	62735839	62736224	hypo	hypo	True	256	0.9961089494163424	0.6632124352331606	0.661498708010336	SMURF2
epykit	158	1365	epykit_0159	paper_1366	chr17	63053928	63054063	63053862	63054106	hypo	hypo	True	136	1.0	0.5551020408163265	0.5551020408163265	GNA13
epykit	160	1368	epykit_0161	paper_1369	chr17	65574314	65574407	65574139	65574408	hypo	hypo	True	94	1.0	0.34814814814814815	0.34814814814814815	PITPNC1
epykit	161	1373	epykit_0162	paper_1374	chr17	71024443	71024703	71024430	71024704	hypo	hypo	True	261	1.0	0.9490909090909091	0.9490909090909091	SLC39A11
epykit	164	1390	epykit_0165	paper_1391	chr17	77034710	77035169	77034940	77035170	hypo	hypo	True	230	0.5	0.9956709956709957	0.49891540130151846	C1QTNF1
epykit	167	1418	epykit_0168	paper_1419	chr18	13223382	13223674	13223601	13223675	hypo	hypo	True	74	0.2525597269624573	0.9866666666666667	0.25170068027210885	LDLRAD4
epykit	168	1422	epykit_0169	paper_1423	chr18	21631588	21631824	21631494	21631825	hypo	hypo	True	237	1.0	0.713855421686747	0.713855421686747	TTC39C
epykit	172	1454	epykit_0173	paper_1455	chr18	57576652	57576999	57576384	57576852	hypo	hypo	True	201	0.5775862068965517	0.42857142857142855	0.3262987012987013	PMAIP1
epykit	174	1462	epykit_0175	paper_1463	chr18	60924813	60925089	60924743	60925167	hypo	hypo	True	277	1.0	0.6517647058823529	0.6517647058823529	BCL2
epykit	175	1463	epykit_0176	paper_1464	chr18	61694885	61695379	61695025	61695380	hypo	hypo	True	355	0.7171717171717171	0.9971910112359551	0.7157258064516129	SERPINB8
epykit	176	1466	epykit_0177	paper_1467	chr18	72704100	72704589	72704397	72704857	hypo	hypo	True	193	0.39387755102040817	0.41865509761388287	0.2546174142480211	ZADH2
epykit	180	1495	epykit_0181	paper_1496	chr19	4719618	4720282	4719606	4719896	hypo	hypo	True	279	0.4195488721804511	0.9587628865979382	0.4121122599704579	DPP9
epykit	183	1531	epykit_0184	paper_1532	chr19	16688458	16688591	16688459	16688525	hypo	hypo	True	67	0.5	1.0	0.5	CTC-429P9.4
epykit	188	1554	epykit_0189	paper_1555	chr19	35480225	35480459	35480226	35480662	hypo	hypo	True	234	0.9957446808510638	0.5354691075514875	0.5342465753424658	GRAMD1A
epykit	189	1555	epykit_0190	paper_1556	chr19	35481389	35481960	35481688	35481961	hypo	hypo	True	273	0.4772727272727273	0.9963503649635036	0.47643979057591623	GRAMD1A
epykit	191	1584	epykit_0192	paper_1585	chr19	45491621	45491769	45491622	45491778	hypo	hypo	True	148	0.9932885906040269	0.9426751592356688	0.9367088607594937	CLPTM1
epykit	196	1617	epykit_0197	paper_1618	chr2	3226904	3227230	3226981	3227256	hypo	hypo	True	250	0.764525993883792	0.9057971014492754	0.7082152974504249	TSSC1
epykit	197	1619	epykit_0198	paper_1620	chr2	7576415	7576772	7576416	7576889	hypo	hypo	True	357	0.9972067039106145	0.7531645569620253	0.751578947368421	RNF144A
epykit	198	1627	epykit_0199	paper_1628	chr2	8915456	8915582	8915457	8915562	hypo	hypo	True	106	0.8346456692913385	1.0	0.8346456692913385	KIDINS220
epykit	202	1663	epykit_0203	paper_1664	chr2	30359847	30360082	30359813	30359848	hypo	hypo	True	2	0.00847457627118644	0.05555555555555555	0.007407407407407408	YPEL5
epykit	203	1664	epykit_0204	paper_1665	chr2	30372599	30373186	30372744	30372817	hypo	hypo	True	74	0.12585034013605442	1.0	0.12585034013605442	YPEL5
epykit	204	1668	epykit_0205	paper_1669	chr2	33756448	33756655	33756408	33756796	hypo	hypo	True	208	1.0	0.5347043701799485	0.5347043701799485	RASGRP3
epykit	208	1695	epykit_0209	paper_1696	chr2	65521245	65521486	65521133	65521487	hypo	hypo	True	242	1.0	0.6816901408450704	0.6816901408450704	ACTR2
epykit	211	1717	epykit_0212	paper_1718	chr2	86464455	86464603	86464456	86464542	hypo	hypo	True	87	0.5838926174496645	1.0	0.5838926174496645	REEP1
epykit	214	1738	epykit_0215	paper_1739	chr2	101011803	101012031	101011804	101012089	hypo	hypo	True	228	0.9956331877729258	0.7972027972027972	0.794425087108014	CHST10
epykit	215	1743	epykit_0216	paper_1744	chr2	102246843	102246985	102246790	102247002	hypo	hypo	True	143	1.0	0.6713615023474179	0.6713615023474179	MAP4K4
epykit	219	1784	epykit_0220	paper_1785	chr2	137067633	137068481	137067689	137067953	hypo	hypo	True	265	0.3121319199057715	1.0	0.3121319199057715	CXCR4
epykit	221	1805	epykit_0222	paper_1806	chr2	173419735	173419824	173419622	173419736	hypo	hypo	True	2	0.022222222222222223	0.017391304347826087	0.009852216748768473	PDK1
epykit	225	1818	epykit_0226	paper_1819	chr2	191657775	191658419	191657391	191658420	hypo	hypo	True	645	1.0	0.6262135922330098	0.6262135922330098	GLS
epykit	227	1836	epykit_0228	paper_1837	chr2	206611829	206612345	206612280	206612346	hypo	hypo	True	66	0.1276595744680851	0.9850746268656716	0.1274131274131274	NRP2
epykit	228	1840	epykit_0229	paper_1841	chr2	208199169	208199865	208199055	208199465	hypo	hypo	True	297	0.4261119081779053	0.7226277372262774	0.36621454993834773	KLF7
epykit	228	1841	epykit_0229	paper_1842	chr2	208199169	208199865	208199687	208199843	hypo	hypo	True	157	0.22525107604017217	1.0	0.22525107604017217	KLF7
epykit	232	1867	epykit_0233	paper_1868	chr2	231838859	231839246	231838909	231839255	hypo	hypo	True	338	0.8711340206185567	0.9740634005763689	0.8513853904282116	GPR55
epykit	234	1876	epykit_0235	paper_1877	chr2	238809774	238810121	238809828	238810122	hypo	hypo	True	294	0.8448275862068966	0.9966101694915255	0.8424068767908309	RAMP1
epykit	243	1931	epykit_0244	paper_1932	chr20	40133892	40134172	40133826	40134501	hypo	hypo	True	281	1.0	0.4156804733727811	0.4156804733727811	CHD6
epykit	247	1966	epykit_0248	paper_1967	chr20	62870522	62870864	62870390	62870826	hypo	hypo	True	305	0.8892128279883382	0.6979405034324943	0.6421052631578947	PCMTD2
epykit	250	1975	epykit_0251	paper_1976	chr21	32710820	32711153	32710754	32711202	hypo	hypo	True	334	1.0	0.7438752783964365	0.7438752783964365	TIAM1
epykit	251	1993	epykit_0252	paper_1994	chr21	43683982	43684133	43684098	43684134	hyper	hyper	True	36	0.23684210526315788	0.972972972972973	0.23529411764705882	ABCG1
epykit	253	2002	epykit_0254	paper_2003	chr21	45604896	45605082	45604897	45605083	hypo	hypo	True	186	0.9946524064171123	0.9946524064171123	0.9893617021276596	AP001055.1
epykit	255	2005	epykit_0256	paper_2006	chr21	47581023	47581111	47580996	47581080	hyper	hyper	True	58	0.651685393258427	0.6823529411764706	0.5	FTCD
epykit	257	2021	epykit_0258	paper_2022	chr22	26039219	26039555	26039195	26040019	hypo	hypo	True	337	1.0	0.4084848484848485	0.4084848484848485	ADRBK2
epykit	260	2035	epykit_0261	paper_2036	chr22	36054501	36054805	36054281	36054806	hypo	hypo	True	305	1.0	0.5798479087452472	0.5798479087452472	APOL6
epykit	262	2043	epykit_0263	paper_2044	chr22	39495663	39496163	39495488	39495712	hypo	hypo	True	50	0.0998003992015968	0.2222222222222222	0.07396449704142012	APOBEC3H
epykit	270	2078	epykit_0271	paper_2079	chr3	12944258	12944315	12944026	12944316	hyper	hyper	True	58	1.0	0.19931271477663232	0.19931271477663232	IQSEC1
epykit	271	2088	epykit_0272	paper_2089	chr3	16551739	16552337	16551574	16551978	hypo	hypo	True	240	0.4006677796327212	0.5925925925925926	0.31413612565445026	RFTN1
epykit	275	2154	epykit_0276	paper_2155	chr3	75445586	75445779	75445600	75445793	hyper	hyper	True	180	0.9278350515463918	0.9278350515463918	0.8653846153846154	FRG2C
epykit	278	2173	epykit_0279	paper_2174	chr3	119281437	119281927	119281438	119281928	hypo	hypo	True	490	0.9979633401221996	0.9979633401221996	0.9959349593495935	CD80
epykit	279	2174	epykit_0280	paper_2175	chr3	119290610	119290875	119290611	119290972	hypo	hypo	True	265	0.9962406015037594	0.7320441988950276	0.7300275482093664	ADPRH
epykit	281	2214	epykit_0282	paper_2215	chr3	151878221	151878734	151878625	151878735	hypo	hypo	True	110	0.2140077821011673	0.990990990990991	0.21359223300970873	MBNL1
epykit	285	2266	epykit_0286	paper_2267	chr4	873391	873760	873324	873789	hypo	hypo	True	370	1.0	0.7939914163090128	0.7939914163090128	GAK
epykit	289	2304	epykit_0290	paper_2305	chr4	38732484	38732622	38732485	38732623	hypo	hypo	True	138	0.9928057553956835	0.9928057553956835	0.9857142857142858	TLR10
epykit	291	2318	epykit_0292	paper_2319	chr4	56207521	56207688	56207371	56207702	hypo	hypo	True	168	1.0	0.5060240963855421	0.5060240963855421	SRD5A3
epykit	297	2341	epykit_0298	paper_2342	chr4	103520169	103520553	103520004	103520661	hypo	hypo	True	385	1.0	0.5851063829787234	0.5851063829787234	NFKB1
epykit	299	2353	epykit_0300	paper_2354	chr4	139221175	139221422	139221176	139221423	hypo	hypo	True	247	0.9959677419354839	0.9959677419354839	0.9919678714859438	SLC7A11
epykit	311	2432	epykit_0312	paper_2433	chr5	68728481	68728785	68728482	68728786	hypo	hypo	True	304	0.9967213114754099	0.9967213114754099	0.9934640522875817	MARVELD2
epykit	312	2434	epykit_0313	paper_2435	chr5	70819776	70820059	70819777	70820060	hypo	hypo	True	283	0.9964788732394366	0.9964788732394366	0.9929824561403509	BDP1
epykit	313	2443	epykit_0314	paper_2444	chr5	78884696	78884925	78884600	78885066	hypo	hypo	True	230	1.0	0.4925053533190578	0.4925053533190578	PAPD4
epykit	317	2463	epykit_0318	paper_2464	chr5	131999388	131999990	131999808	132000014	hypo	hypo	True	183	0.3034825870646766	0.8840579710144928	0.291866028708134	IL13
epykit	320	2487	epykit_0321	paper_2488	chr5	142586012	142586180	142585961	142586216	hypo	hypo	True	169	1.0	0.66015625	0.66015625	ARHGAP26
epykit	321	2488	epykit_0322	paper_2489	chr5	142593452	142593645	142593453	142593786	hypo	hypo	True	193	0.9948453608247423	0.5778443113772455	0.5761194029850746	ARHGAP26
epykit	325	2531	epykit_0326	paper_2532	chr6	357056	357502	356992	357312	hypo	hypo	True	257	0.5749440715883669	0.8006230529595015	0.50293542074364	IRF4
epykit	327	2541	epykit_0328	paper_2542	chr6	3209729	3210233	3209665	3210110	hypo	hypo	True	382	0.7564356435643564	0.8565022421524664	0.671353251318102	TUBB2B
epykit	333	2643	epykit_0334	paper_2644	chr6	86260376	86261004	86260851	86261005	hypo	hypo	True	154	0.24483306836248012	0.9935483870967742	0.24444444444444444	SNX14
epykit	334	2644	epykit_0335	paper_2645	chr6	89723004	89723525	89723005	89723696	hypo	hypo	True	521	0.9980842911877394	0.7528901734104047	0.7518037518037518	AL079342.1
epykit	337	2679	epykit_0338	paper_2680	chr6	143521719	143522060	143521693	143522173	hypo	hypo	True	342	1.0	0.7110187110187111	0.7110187110187111	AIG1
epykit	340	2728	epykit_0341	paper_2729	chr7	2089965	2090180	2089964	2090181	hypo	hypo	True	216	1.0	0.9908256880733946	0.9908256880733946	MAD1L1
epykit	343	2767	epykit_0344	paper_2768	chr7	28519089	28519453	28518986	28519570	hypo	hypo	True	365	1.0	0.6239316239316239	0.6239316239316239	CREB5
epykit	347	2840	epykit_0348	paper_2841	chr7	98739495	98739626	98739399	98739698	hypo	hypo	True	132	1.0	0.44	0.44	SMURF1
epykit	349	2854	epykit_0350	paper_2855	chr7	105429260	105429604	105429261	105429892	hypo	hypo	True	344	0.9971014492753624	0.5443037974683544	0.5434439178515008	ATXN7L1
epykit	351	2869	epykit_0352	paper_2870	chr7	130716301	130716465	130716302	130716734	hypo	hypo	True	164	0.9939393939393939	0.3787528868360277	0.3778801843317972	MKLN1
epykit	356	2914	epykit_0357	paper_2915	chr8	1378431	1378975	1378432	1378536	hypo	hypo	True	105	0.1926605504587156	1.0	0.1926605504587156	DLGAP2
epykit	362	2938	epykit_0363	paper_2939	chr8	22105571	22105787	22105572	22105788	hypo	hypo	True	216	0.9953917050691244	0.9953917050691244	0.9908256880733946	POLR3D
epykit	363	2959	epykit_0364	paper_2960	chr8	29357592	29357817	29357593	29357818	hypo	hypo	True	225	0.995575221238938	0.995575221238938	0.9911894273127754	DUSP4
epykit	367	2988	epykit_0368	paper_2989	chr8	56901471	56902059	56901631	56902060	hypo	hypo	True	429	0.7283531409168081	0.9976744186046511	0.7271186440677966	LYN
epykit	371	3030	epykit_0372	paper_3031	chr8	103567601	103567706	103567602	103567960	hypo	hypo	True	105	0.9905660377358491	0.2924791086350975	0.2916666666666667	ODF1
epykit	374	3048	epykit_0375	paper_3049	chr8	126655094	126655494	126655095	126655656	hypo	hypo	True	400	0.9975062344139651	0.7117437722419929	0.7104795737122558	TRIB1
epykit	379	3061	epykit_0380	paper_3062	chr8	142416334	142416549	142416335	142416620	hypo	hypo	True	215	0.9953703703703703	0.7517482517482518	0.7491289198606271	PTP4A3
epykit	380	3069	epykit_0381	paper_3070	chr8	144665987	144666168	144666059	144666169	hyper	hyper	True	110	0.6043956043956044	0.990990990990991	0.6010928961748634	EEF1D
epykit	387	3104	epykit_0388	paper_3105	chr9	77715735	77716397	77715788	77716145	hypo	hypo	True	358	0.5399698340874811	1.0	0.5399698340874811	OSTF1
epykit	388	3118	epykit_0389	paper_3119	chr9	90078612	90079161	90078613	90079162	hypo	hypo	True	549	0.9981818181818182	0.9981818181818182	0.9963702359346642	DAPK1
epykit	390	3156	epykit_0391	paper_3157	chr9	114791016	114791415	114791039	114791560	hypo	hypo	True	377	0.9425	0.7222222222222222	0.691743119266055	UGCG
epykit	391	3157	epykit_0392	paper_3158	chr9	114836650	114837142	114836611	114837008	hypo	hypo	True	359	0.7281947261663286	0.9020100502512562	0.674812030075188	SUSD1
epykit	394	3179	epykit_0395	paper_3180	chr9	126345354	126345518	126345355	126345519	hypo	hypo	True	164	0.9939393939393939	0.9939393939393939	0.9879518072289156	DENND1A
epykit	395	3188	epykit_0396	paper_3189	chr9	130310711	130310931	130310735	130311009	hypo	hypo	True	197	0.8914027149321267	0.7163636363636363	0.6588628762541806	FAM129B
epykit	397	3194	epykit_0398	paper_3195	chr9	131552933	131553284	131552934	131553285	hypo	hypo	True	351	0.9971590909090909	0.9971590909090909	0.9943342776203966	TBC1D13
epykit	401	3213	epykit_0402	paper_3214	chr9	136822389	136822656	136822370	136822621	hypo	hypo	True	233	0.8694029850746269	0.9246031746031746	0.8118466898954704	VAV2
epykit	403	3225	epykit_0404	paper_3226	chr9	140655553	140655654	140655519	140655929	hypo	hypo	True	102	1.0	0.24817518248175183	0.24817518248175183	EHMT1
DSS	5	1131	DSS_0006	paper_1132	chr16	10868996	10869477	10869174	10869477	hypo	hypo	True	304	0.6307053941908713	1.0	0.6307053941908713	TVP23A
DSS	7	1495	DSS_0008	paper_1496	chr19	4719606	4720103	4719606	4719896	hypo	hypo	True	291	0.5843373493975904	1.0	0.5843373493975904	DPP9
DSS	12	1317	DSS_0013	paper_1318	chr17	38755491	38755933	38755603	38755933	hypo	hypo	True	331	0.7471783295711061	1.0	0.7471783295711061	CCR7
DSS	13	1840	DSS_0014	paper_1841	chr2	208199030	208199687	208199055	208199465	hypo	hypo	True	411	0.6246200607902735	1.0	0.6246200607902735	KLF7
DSS	13	1841	DSS_0014	paper_1842	chr2	208199030	208199687	208199687	208199843	hypo	hypo	True	1	0.001519756838905775	0.006369426751592357	0.0012285012285012285	KLF7
DSS	17	904	DSS_0018	paper_0905	chr14	45267631	45267899	45267799	45267843	hypo	hypo	True	45	0.16728624535315986	1.0	0.16728624535315986	C14orf28
DSS	18	1975	DSS_0019	paper_1976	chr21	32710715	32711202	32710754	32711202	hypo	hypo	True	449	0.9200819672131147	1.0	0.9200819672131147	TIAM1
DSS	20	2035	DSS_0021	paper_2036	chr22	36054502	36055036	36054281	36054806	hypo	hypo	True	305	0.5700934579439252	0.5798479087452472	0.40343915343915343	APOL6
DSS	21	215	DSS_0022	paper_0216	chr1	201372948	201373427	201372948	201373427	hypo	hypo	True	480	1.0	1.0	1.0	LAD1
DSS	22	274	DSS_0023	paper_0275	chr10	3929019	3929367	3929019	3929883	hypo	hypo	True	349	1.0	0.40346820809248557	0.40346820809248557	KLF6
DSS	23	2488	DSS_0024	paper_2489	chr5	142593453	142593846	142593453	142593786	hypo	hypo	True	334	0.8477157360406091	1.0	0.8477157360406091	ARHGAP26
DSS	24	3179	DSS_0025	paper_3180	chr9	126345355	126345519	126345355	126345519	hypo	hypo	True	165	1.0	1.0	1.0	DENND1A
DSS	25	2266	DSS_0026	paper_2267	chr4	873423	873900	873324	873789	hypo	hypo	True	367	0.7677824267782427	0.7875536480686696	0.6360485268630849	GAK
DSS	26	1738	DSS_0027	paper_1739	chr2	101011804	101012179	101011804	101012089	hypo	hypo	True	286	0.7606382978723404	1.0	0.7606382978723404	CHST10
DSS	27	287	DSS_0028	paper_0288	chr10	11318312	11318867	11318184	11318867	hypo	hypo	True	556	1.0	0.8128654970760234	0.8128654970760234	CELF2
DSS	30	2480	DSS_0031	paper_2481	chr5	140794434	140794642	140794590	140794607	hyper	hyper	True	18	0.0861244019138756	1.0	0.0861244019138756	PCDHGA10
DSS	31	2434	DSS_0032	paper_2435	chr5	70819777	70820154	70819777	70820060	hypo	hypo	True	284	0.7513227513227513	1.0	0.7513227513227513	BDP1
DSS	33	2767	DSS_0034	paper_2768	chr7	28518986	28519570	28518986	28519570	hypo	hypo	True	585	1.0	1.0	1.0	CREB5
DSS	34	1175	DSS_0035	paper_1176	chr16	50117750	50118229	50117682	50118356	hypo	hypo	True	480	1.0	0.7111111111111111	0.7111111111111111	HEATR3
DSS	35	68	DSS_0036	paper_0069	chr1	27165289	27165674	27165289	27165674	hypo	hypo	True	386	1.0	1.0	1.0	ZDHHC18
DSS	36	1695	DSS_0037	paper_1696	chr2	65521133	65521487	65521133	65521487	hypo	hypo	True	355	1.0	1.0	1.0	ACTR2
DSS	37	3157	DSS_0038	paper_3158	chr9	114836611	114836976	114836611	114837008	hypo	hypo	True	366	1.0	0.9195979899497487	0.9195979899497487	SUSD1
DSS	38	2959	DSS_0039	paper_2960	chr8	29357593	29357818	29357593	29357818	hypo	hypo	True	226	1.0	1.0	1.0	DUSP4
DSS	39	1997	DSS_0040	paper_1998	chr21	44727095	44727470	44727004	44727494	hypo	hypo	True	376	1.0	0.7657841140529531	0.7657841140529531	SIK1
DSS	40	1668	DSS_0041	paper_1669	chr2	33756408	33756796	33756408	33756796	hypo	hypo	True	389	1.0	1.0	1.0	RASGRP3
DSS	41	706	DSS_0042	paper_0707	chr12	92458831	92459112	92458687	92459112	hypo	hypo	True	282	1.0	0.6619718309859155	0.6619718309859155	C12orf79
DSS	43	636	DSS_0044	paper_0637	chr12	11976967	11977358	11977108	11977450	hypo	hypo	True	251	0.6403061224489796	0.7317784256559767	0.518595041322314	ETV6
DSS	44	1798	DSS_0045	paper_1799	chr2	162197787	162197845	162197826	162197845	hyper	hyper	True	20	0.3389830508474576	1.0	0.3389830508474576	PSMD14
DSS	46	2238	DSS_0047	paper_2239	chr3	188016899	188017246	188016899	188017329	hypo	hypo	True	348	1.0	0.8074245939675174	0.8074245939675174	LPP
DSS	47	2021	DSS_0048	paper_2022	chr22	26039122	26039653	26039195	26040019	hypo	hypo	True	459	0.8627819548872181	0.5563636363636364	0.5111358574610245	ADRBK2
DSS	48	1133	DSS_0049	paper_1134	chr16	11277096	11277453	11277103	11277453	hypo	hypo	True	351	0.9804469273743017	1.0	0.9804469273743017	RMI2
DSS	49	57	DSS_0050	paper_0058	chr1	25297009	25297315	25297050	25297186	hypo	hypo	True	137	0.44625407166123776	1.0	0.44625407166123776	RUNX3
DSS	50	568	DSS_0051	paper_0569	chr11	102164027	102164533	102164071	102164533	hypo	hypo	True	463	0.9132149901380671	1.0	0.9132149901380671	BIRC3
DSS	51	3030	DSS_0052	paper_3031	chr8	103567423	103567707	103567602	103567960	hypo	hypo	True	106	0.3719298245614035	0.29526462395543174	0.1970260223048327	ODF1
DSS	52	1818	DSS_0053	paper_1819	chr2	191657719	191658420	191657391	191658420	hypo	hypo	True	702	1.0	0.6815533980582524	0.6815533980582524	GLS
DSS	53	710	DSS_0054	paper_0711	chr12	92947110	92947537	92946931	92947924	hypo	hypo	True	428	1.0	0.4305835010060362	0.4305835010060362	CLLU1OS
DSS	55	394	DSS_0056	paper_0395	chr10	112127652	112127915	112127385	112127915	hypo	hypo	True	264	1.0	0.4971751412429379	0.4971751412429379	SMNDC1
DSS	57	708	DSS_0058	paper_0709	chr12	92896722	92897399	92896440	92897335	hypo	hypo	True	614	0.9056047197640118	0.6852678571428571	0.6395833333333333	CLLU1OS
DSS	58	2854	DSS_0059	paper_2855	chr7	105429261	105429605	105429261	105429892	hypo	hypo	True	345	1.0	0.5458860759493671	0.5458860759493671	ATXN7L1
DSS	59	280	DSS_0060	paper_0281	chr10	5624500	5624861	5624439	5624861	hypo	hypo	True	362	1.0	0.8557919621749409	0.8557919621749409	CALML3
DSS	60	293	DSS_0061	paper_0294	chr10	12677044	12677477	12677044	12677477	hypo	hypo	True	434	1.0	1.0	1.0	CAMK1D
DSS	62	3196	DSS_0063	paper_3197	chr9	132649657	132650022	132649797	132649905	hypo	hypo	True	109	0.2978142076502732	1.0	0.2978142076502732	FNBP1
DSS	63	946	DSS_0064	paper_0947	chr14	76017536	76017964	76017632	76018064	hypo	hypo	True	333	0.7762237762237763	0.76905311778291	0.6294896030245747	FLVCR2
DSS	64	2562	DSS_0065	paper_2563	chr6	14072394	14072637	14072113	14072637	hypo	hypo	True	244	1.0	0.46476190476190476	0.46476190476190476	CD83
DSS	66	3156	DSS_0067	paper_3157	chr9	114790866	114791182	114791039	114791560	hypo	hypo	True	144	0.45425867507886436	0.27586206896551724	0.20719424460431654	UGCG
DSS	67	746	DSS_0068	paper_0747	chr12	112587246	112587888	112587246	112587888	hypo	hypo	True	643	1.0	1.0	1.0	TRAFD1
DSS	68	498	DSS_0069	paper_0499	chr11	48125215	48125639	48125115	48125639	hypo	hypo	True	425	1.0	0.8095238095238095	0.8095238095238095	PTPRJ
DSS	70	3194	DSS_0071	paper_3195	chr9	131552809	131553285	131552934	131553285	hypo	hypo	True	352	0.7379454926624738	1.0	0.7379454926624738	TBC1D13
DSS	71	2938	DSS_0072	paper_2939	chr8	22105572	22105999	22105572	22105788	hypo	hypo	True	217	0.5070093457943925	1.0	0.5070093457943925	POLR3D
DSS	72	2341	DSS_0073	paper_2342	chr4	103520170	103520661	103520004	103520661	hypo	hypo	True	492	1.0	0.7477203647416414	0.7477203647416414	NFKB1
DSS	74	2443	DSS_0075	paper_2444	chr5	78884600	78884926	78884600	78885066	hypo	hypo	True	327	1.0	0.7002141327623126	0.7002141327623126	PAPD4
DSS	75	770	DSS_0076	paper_0771	chr12	123205661	123205946	123205661	123205742	hypo	hypo	True	82	0.2867132867132867	1.0	0.2867132867132867	HCAR1
DSS	77	1555	DSS_0078	paper_1556	chr19	35481688	35482127	35481688	35481961	hypo	hypo	True	274	0.6227272727272727	1.0	0.6227272727272727	GRAMD1A
DSS	78	577	DSS_0079	paper_0578	chr11	110220485	110220902	110220270	110220902	hypo	hypo	True	418	1.0	0.660347551342812	0.660347551342812	RDX
DSS	79	3206	DSS_0080	paper_3207	chr9	134497560	134497713	134497412	134497638	hypo	hypo	True	79	0.512987012987013	0.34801762114537443	0.26158940397350994	RAPGEF1
DSS	80	1627	DSS_0081	paper_1628	chr2	8915457	8915583	8915457	8915562	hypo	hypo	True	106	0.8346456692913385	1.0	0.8346456692913385	KIDINS220
DSS	81	874	DSS_0082	paper_0875	chr13	113572487	113572752	113572626	113572902	hypo	hypo	True	127	0.4774436090225564	0.4584837545126354	0.30528846153846156	MCF2L
DSS	83	3104	DSS_0084	paper_3105	chr9	77715865	77716167	77715788	77716145	hypo	hypo	True	281	0.9273927392739274	0.7849162011173184	0.7394736842105263	OSTF1
DSS	84	569	DSS_0085	paper_0570	chr11	102216819	102217151	102216585	102216972	hypo	hypo	True	154	0.4624624624624625	0.39690721649484534	0.2716049382716049	BIRC2
DSS	86	1365	DSS_0087	paper_1366	chr17	63053862	63054049	63053862	63054106	hypo	hypo	True	188	1.0	0.7673469387755102	0.7673469387755102	GNA13
DSS	88	988	DSS_0089	paper_0989	chr14	102302575	102302771	102302575	102302771	hypo	hypo	True	197	1.0	1.0	1.0	PPP2R5C
DSS	89	860	DSS_0090	paper_0861	chr13	100047829	100048178	100047899	100048178	hypo	hypo	True	280	0.8	1.0	0.8	GPR183
DSS	91	787	DSS_0092	paper_0788	chr12	131575945	131576217	131575945	131576217	hypo	hypo	True	273	1.0	1.0	1.0	GPR133
DSS	92	1705	DSS_0093	paper_1706	chr2	70745089	70745568	70745304	70745822	hypo	hypo	True	265	0.5520833333333334	0.5105973025048169	0.36103542234332425	TGFA
DSS	93	2885	DSS_0094	paper_2886	chr7	148853940	148854354	148854145	148854354	hypo	hypo	True	210	0.5060240963855421	1.0	0.5060240963855421	ZNF398
DSS	94	2476	DSS_0095	paper_2477	chr5	138090844	138091169	138090937	138091169	hypo	hypo	True	233	0.7147239263803681	1.0	0.7147239263803681	CTNNA1
DSS	96	1466	DSS_0097	paper_1467	chr18	72704386	72704590	72704397	72704857	hypo	hypo	True	194	0.9463414634146341	0.420824295010846	0.4110169491525424	ZADH2
DSS	98	1261	DSS_0099	paper_1262	chr17	3989566	3989933	3989372	3989734	hypo	hypo	True	169	0.4592391304347826	0.465564738292011	0.30071174377224197	ZZEF1
DSS	100	2291	DSS_0101	paper_2292	chr4	14845741	14845942	14845741	14845942	hypo	hypo	True	202	1.0	1.0	1.0	CPEB2
DSS	102	180	DSS_0103	paper_0181	chr1	158363477	158363705	158363491	158363908	hypo	hypo	True	215	0.9388646288209607	0.5143540669856459	0.4976851851851852	OR10T2
DSS	104	2088	DSS_0105	paper_2089	chr3	16551503	16551978	16551574	16551978	hypo	hypo	True	405	0.8508403361344538	1.0	0.8508403361344538	RFTN1
DSS	105	286	DSS_0106	paper_0287	chr10	11241875	11242187	11241680	11242283	hypo	hypo	True	313	1.0	0.5182119205298014	0.5182119205298014	CELF2
DSS	106	3118	DSS_0107	paper_3119	chr9	90078613	90078794	90078613	90079162	hypo	hypo	True	182	1.0	0.33090909090909093	0.33090909090909093	DAPK1
DSS	107	1554	DSS_0108	paper_1555	chr19	35480226	35480460	35480226	35480662	hypo	hypo	True	235	1.0	0.5377574370709383	0.5377574370709383	GRAMD1A
DSS	108	3061	DSS_0109	paper_3062	chr8	142416335	142416550	142416335	142416620	hypo	hypo	True	216	1.0	0.7552447552447552	0.7552447552447552	PTP4A3
DSS	110	367	DSS_0111	paper_0368	chr10	80674407	80674734	80674438	80675252	hypo	hypo	True	297	0.9054878048780488	0.36441717791411044	0.35106382978723405	ZMIZ1
DSS	111	1584	DSS_0112	paper_1585	chr19	45491622	45491796	45491622	45491778	hypo	hypo	True	157	0.8971428571428571	1.0	0.8971428571428571	CLPTM1
DSS	112	964	DSS_0113	paper_0965	chr14	90742366	90742555	90742366	90742555	hypo	hypo	True	190	1.0	1.0	1.0	PSMC1
DSS	113	342	DSS_0114	paper_0343	chr10	63761762	63761997	63761762	63761997	hypo	hypo	True	236	1.0	1.0	1.0	ARID5B
DSS	116	1134	DSS_0117	paper_1135	chr16	11702133	11702408	11702061	11702475	hypo	hypo	True	276	1.0	0.6650602409638554	0.6650602409638554	LITAF
DSS	117	3225	DSS_0118	paper_3226	chr9	140655519	140655655	140655519	140655929	hypo	hypo	True	137	1.0	0.3333333333333333	0.3333333333333333	EHMT1
DSS	118	125	DSS_0119	paper_0126	chr1	85435400	85435646	85435400	85435646	hypo	hypo	True	247	1.0	1.0	1.0	MCOLN2
DSS	119	552	DSS_0120	paper_0553	chr11	74316587	74316926	74316587	74316716	hypo	hypo	True	130	0.38235294117647056	1.0	0.38235294117647056	POLD3
DSS	120	621	DSS_0121	paper_0622	chr12	2977058	2977457	2977220	2977457	hypo	hypo	True	238	0.595	1.0	0.595	FOXM1
DSS	121	792	DSS_0122	paper_0793	chr12	133069237	133069456	133069284	133069456	hypo	hypo	True	173	0.7863636363636364	1.0	0.7863636363636364	FBRSL1
DSS	122	1717	DSS_0123	paper_1718	chr2	86464456	86464604	86464456	86464542	hypo	hypo	True	87	0.5838926174496645	1.0	0.5838926174496645	REEP1
DSS	123	403	DSS_0124	paper_0404	chr10	116307363	116307440	116307363	116307440	hypo	hypo	True	78	1.0	1.0	1.0	ABLIM1
DSS	124	623	DSS_0125	paper_0624	chr12	4255525	4255832	4255525	4255813	hypo	hypo	True	289	0.9383116883116883	1.0	0.9383116883116883	CCND2
DSS	125	622	DSS_0126	paper_0623	chr12	4085679	4085933	4085679	4086105	hypo	hypo	True	255	1.0	0.5971896955503513	0.5971896955503513	PARP11
DSS	126	924	DSS_0127	paper_0925	chr14	61657105	61657492	61657312	61657492	hypo	hypo	True	181	0.46649484536082475	1.0	0.46649484536082475	PRKCH
DSS	128	1316	DSS_0129	paper_1317	chr17	38737573	38737993	38737573	38738254	hypo	hypo	True	421	1.0	0.6173020527859238	0.6173020527859238	CCR7
DSS	129	1368	DSS_0130	paper_1369	chr17	65574194	65574408	65574139	65574408	hypo	hypo	True	215	1.0	0.7962962962962963	0.7962962962962963	PITPNC1
DSS	131	527	DSS_0132	paper_0528	chr11	65824120	65824333	65824120	65824304	hypo	hypo	True	185	0.8644859813084113	1.0	0.8644859813084113	SF3B2
DSS	132	3151	DSS_0133	paper_3152	chr9	113014489	113014751	113014501	113015217	hypo	hypo	True	251	0.9543726235741445	0.3500697350069735	0.3443072702331962	TXN
DSS	134	1505	DSS_0135	paper_1506	chr19	10496862	10497273	10496862	10497273	hypo	hypo	True	412	1.0	1.0	1.0	TYK2
DSS	137	3141	DSS_0138	paper_3142	chr9	102272277	102272454	102272277	102272454	hypo	hypo	True	178	1.0	1.0	1.0	SEC61B
DSS	138	810	DSS_0139	paper_0811	chr13	27705445	27705648	27705445	27705648	hypo	hypo	True	204	1.0	1.0	1.0	USP12
DSS	139	1212	DSS_0140	paper_1213	chr16	79135540	79135764	79135540	79136017	hypo	hypo	True	225	1.0	0.4707112970711297	0.4707112970711297	WWOX
DSS	140	141	DSS_0141	paper_0142	chr1	112145772	112145997	112145439	112146345	hypo	hypo	True	226	1.0	0.24917309812568908	0.24917309812568908	RAP1A
DSS	141	1903	DSS_0142	paper_1904	chr20	22710661	22711079	22710497	22711151	hypo	hypo	True	419	1.0	0.6396946564885496	0.6396946564885496	FOXA2
DSS	142	2718	DSS_0143	paper_2719	chr7	67653	68014	67653	67837	hypo	hypo	True	185	0.511049723756906	1.0	0.511049723756906	FAM20C
DSS	145	1200	DSS_0146	paper_1201	chr16	70824357	70824623	70824357	70824498	hypo	hypo	True	142	0.5318352059925093	1.0	0.5318352059925093	VAC14
DSS	146	2463	DSS_0147	paper_2464	chr5	131999808	132000045	131999808	132000014	hypo	hypo	True	207	0.8697478991596639	1.0	0.8697478991596639	IL13
DSS	147	228	DSS_0148	paper_0229	chr1	211513156	211513602	211513092	211513416	hypo	hypo	True	261	0.5838926174496645	0.803076923076923	0.5107632093933464	TRAF5
DSS	148	3143	DSS_0149	paper_3144	chr9	109744110	109744373	109743847	109744373	hypo	hypo	True	264	1.0	0.5009487666034156	0.5009487666034156	ZNF462
DSS	149	2239	DSS_0150	paper_2240	chr3	188063108	188063376	188063108	188063583	hypo	hypo	True	269	1.0	0.5651260504201681	0.5651260504201681	LPP
DSS	150	2340	DSS_0151	paper_2341	chr4	103443187	103443731	103443187	103443464	hypo	hypo	True	278	0.5100917431192661	1.0	0.5100917431192661	NFKB1
DSS	151	2840	DSS_0152	paper_2841	chr7	98739627	98739782	98739399	98739698	hypo	hypo	True	72	0.46153846153846156	0.24	0.1875	SMURF1
DSS	152	111	DSS_0153	paper_0112	chr1	64660653	64660805	64660653	64660805	hypo	hypo	True	153	1.0	1.0	1.0	UBE2U
DSS	153	2676	DSS_0154	paper_2677	chr6	137493729	137493847	137493729	137493847	hypo	hypo	True	119	1.0	1.0	1.0	IL22RA2
DSS	155	2807	DSS_0156	paper_2808	chr7	50420101	50420385	50420101	50420385	hypo	hypo	True	285	1.0	1.0	1.0	IKZF1
DSS	156	126	DSS_0157	paper_0127	chr1	85461631	85461896	85461300	85461896	hypo	hypo	True	266	1.0	0.4455611390284757	0.4455611390284757	MCOLN2
DSS	157	1361	DSS_0158	paper_1362	chr17	62735839	62736051	62735839	62736224	hypo	hypo	True	213	1.0	0.5518134715025906	0.5518134715025906	SMURF2
DSS	159	2644	DSS_0160	paper_2645	chr6	89723140	89723526	89723005	89723696	hypo	hypo	True	387	1.0	0.5592485549132948	0.5592485549132948	AL079342.1
DSS	160	2154	DSS_0161	paper_2155	chr3	75445724	75445845	75445600	75445793	hyper	hyper	True	70	0.5737704918032787	0.36082474226804123	0.2845528455284553	FRG2C
DSS	161	313	DSS_0162	paper_0314	chr10	30799659	30800044	30799620	30800044	hypo	hypo	True	386	1.0	0.908235294117647	0.908235294117647	MAP3K8
DSS	162	2990	DSS_0163	paper_2991	chr8	59700877	59701080	59700619	59701491	hypo	hypo	True	204	1.0	0.23367697594501718	0.23367697594501718	NSMAF
DSS	163	2869	DSS_0164	paper_2870	chr7	130716302	130716519	130716302	130716734	hypo	hypo	True	218	1.0	0.5034642032332564	0.5034642032332564	MKLN1
DSS	165	571	DSS_0166	paper_0572	chr11	102422166	102422347	102422018	102422347	hypo	hypo	True	182	1.0	0.5515151515151515	0.5515151515151515	MMP7
DSS	166	715	DSS_0167	paper_0716	chr12	94602072	94602316	94602291	94602316	hypo	hypo	True	26	0.10612244897959183	1.0	0.10612244897959183	PLXNC1
DSS	167	2840	DSS_0168	paper_2841	chr7	98739399	98739539	98739399	98739698	hypo	hypo	True	141	1.0	0.47	0.47	SMURF1
DSS	168	2960	DSS_0169	paper_2961	chr8	29381280	29381501	29381283	29381602	hypo	hypo	True	219	0.9864864864864865	0.684375	0.6780185758513931	DUSP4
DSS	169	23	DSS_0170	paper_0024	chr1	11889599	11889823	11889529	11889823	hypo	hypo	True	225	1.0	0.7627118644067796	0.7627118644067796	CLCN6
DSS	172	3165	DSS_0173	paper_3166	chr9	117365671	117365996	117365671	117365996	hypo	hypo	True	326	1.0	1.0	1.0	C9orf91
DSS	173	1285	DSS_0174	paper_1286	chr17	14277022	14277237	14277022	14277562	hypo	hypo	True	216	1.0	0.39926062846580407	0.39926062846580407	HS3ST3B1
DSS	174	2065	DSS_0175	paper_2066	chr3	4637431	4637767	4637431	4637580	hypo	hypo	True	150	0.44510385756676557	1.0	0.44510385756676557	ITPR1
DSS	175	813	DSS_0176	paper_0814	chr13	28590055	28590468	28589975	28590733	hypo	hypo	True	414	1.0	0.5454545454545454	0.5454545454545454	FLT3
DSS	177	483	DSS_0178	paper_0484	chr11	35993538	35993896	35993328	35993977	hypo	hypo	True	359	1.0	0.5523076923076923	0.5523076923076923	LDLRAD3
DSS	178	2793	DSS_0179	paper_2794	chr7	41345792	41346145	41345792	41346145	hypo	hypo	True	354	1.0	1.0	1.0	INHBA
DSS	179	2449	DSS_0180	paper_2450	chr5	95513363	95513651	95513202	95513651	hypo	hypo	True	289	1.0	0.6422222222222222	0.6422222222222222	ELL2
DSS	180	1059	DSS_0181	paper_1060	chr15	74722405	74722641	74722405	74722641	hypo	hypo	True	237	1.0	1.0	1.0	SEMA7A
DSS	183	1315	DSS_0184	paper_1316	chr17	38733911	38734162	38733873	38734001	hypo	hypo	True	91	0.3611111111111111	0.7054263565891473	0.3137931034482759	CCR7
DSS	184	1152	DSS_0185	paper_1153	chr16	20931550	20931940	20931216	20931940	hypo	hypo	True	391	1.0	0.5393103448275862	0.5393103448275862	LYRM1
DSS	186	1860	DSS_0187	paper_1861	chr2	225902739	225903147	225902739	225903147	hypo	hypo	True	409	1.0	1.0	1.0	DOCK10
DSS	189	2487	DSS_0190	paper_2488	chr5	142585961	142586113	142585961	142586216	hypo	hypo	True	153	1.0	0.59765625	0.59765625	ARHGAP26
DSS	190	134	DSS_0191	paper_0135	chr1	95508282	95508506	95508282	95508362	hypo	hypo	True	81	0.36	1.0	0.36	ALG14
DSS	191	2861	DSS_0192	paper_2862	chr7	114556443	114556701	114556412	114556701	hypo	hypo	True	259	1.0	0.8931034482758621	0.8931034482758621	MDFIC
DSS	192	1462	DSS_0193	paper_1463	chr18	60924743	60925050	60924743	60925167	hypo	hypo	True	308	1.0	0.7247058823529412	0.7247058823529412	BCL2
DSS	193	2911	DSS_0194	paper_2912	chr8	630481	630574	630481	630822	hypo	hypo	True	94	1.0	0.27485380116959063	0.27485380116959063	ERICH1
DSS	195	2525	DSS_0196	paper_2526	chr5	179894247	179894339	179894302	179894412	hypo	hypo	True	38	0.40860215053763443	0.34234234234234234	0.2289156626506024	CNOT6
DSS	196	3197	DSS_0197	paper_3198	chr9	132696625	132696722	132696625	132696722	hypo	hypo	True	98	1.0	1.0	1.0	FNBP1
DSS	197	264	DSS_0198	paper_0265	chr1	236323313	236323558	236323233	236323536	hypo	hypo	True	224	0.9105691056910569	0.7368421052631579	0.6871165644171779	GPR137B
DSS	198	1171	DSS_0199	paper_1172	chr16	47009912	47010083	47009912	47010083	hypo	hypo	True	172	1.0	1.0	1.0	DNAJA2
DSS	199	1931	DSS_0200	paper_1932	chr20	40133826	40134120	40133826	40134501	hypo	hypo	True	295	1.0	0.4363905325443787	0.4363905325443787	CHD6
DSS	200	1619	DSS_0201	paper_1620	chr2	7576537	7576889	7576416	7576889	hypo	hypo	True	353	1.0	0.7447257383966245	0.7447257383966245	RNF144A
DSS	201	1073	DSS_0202	paper_1074	chr15	80282723	80282906	80282723	80282906	hypo	hypo	True	184	1.0	1.0	1.0	BCL2A1
DSS	203	2353	DSS_0204	paper_2354	chr4	139221176	139221423	139221176	139221423	hypo	hypo	True	248	1.0	1.0	1.0	SLC7A11
DSS	204	513	DSS_0205	paper_0514	chr11	63376472	63376685	63376472	63376685	hypo	hypo	True	214	1.0	1.0	1.0	PLA2G16
DSS	206	2299	DSS_0207	paper_2300	chr4	26163874	26164047	26163874	26164047	hypo	hypo	True	174	1.0	1.0	1.0	RBPJ
DSS	207	1846	DSS_0208	paper_1847	chr2	214022013	214022390	214022013	214022244	hypo	hypo	True	232	0.6137566137566137	1.0	0.6137566137566137	IKZF2
DSS	208	3163	DSS_0209	paper_3164	chr9	116692317	116692561	116692067	116692561	hypo	hypo	True	245	1.0	0.494949494949495	0.494949494949495	ZNF618
DSS	210	2039	DSS_0211	paper_2040	chr22	38624139	38624198	38624023	38624165	hypo	hypo	True	27	0.45	0.1888111888111888	0.1534090909090909	TMEM184B
DSS	211	531	DSS_0212	paper_0532	chr11	66697279	66697553	66697126	66697553	hypo	hypo	True	275	1.0	0.6425233644859814	0.6425233644859814	PC
DSS	212	613	DSS_0213	paper_0614	chr12	788358	788572	788246	788572	hypo	hypo	True	215	1.0	0.6574923547400612	0.6574923547400612	NINJ2
DSS	213	3048	DSS_0214	paper_3049	chr8	126655095	126655272	126655095	126655656	hypo	hypo	True	178	1.0	0.3167259786476868	0.3167259786476868	TRIB1
DSS	214	3166	DSS_0215	paper_3167	chr9	117370068	117370235	117369791	117370489	hypo	hypo	True	168	1.0	0.24034334763948498	0.24034334763948498	C9orf91
DSS	215	2542	DSS_0216	paper_2543	chr6	3804371	3804585	3804371	3804585	hypo	hypo	True	215	1.0	1.0	1.0	FAM50B
DSS	217	1439	DSS_0218	paper_1440	chr18	46281430	46281682	46281430	46281820	hypo	hypo	True	253	1.0	0.6470588235294118	0.6470588235294118	CTIF
DSS	219	703	DSS_0220	paper_0704	chr12	88693480	88693696	88693480	88693696	hypo	hypo	True	217	1.0	1.0	1.0	TMTC3
DSS	220	1422	DSS_0221	paper_1423	chr18	21631659	21631825	21631494	21631825	hypo	hypo	True	167	1.0	0.5030120481927711	0.5030120481927711	TTC39C
DSS	221	3258	DSS_0222	paper_3259	chrX	108744487	108744884	108744487	108744640	hypo	hypo	True	154	0.3869346733668342	1.0	0.3869346733668342	GUCY2F
DSS	223	506	DSS_0224	paper_0507	chr11	60712076	60712280	60712076	60712138	hypo	hypo	True	63	0.3073170731707317	1.0	0.3073170731707317	SLC15A3
DSS	224	2757	DSS_0225	paper_2758	chr7	21578427	21578885	21578611	21579124	hypo	hypo	True	275	0.599128540305011	0.5350194552529183	0.3939828080229226	DNAH11
DSS	225	191	DSS_0226	paper_0192	chr1	173267119	173267258	173267119	173267258	hypo	hypo	True	140	1.0	1.0	1.0	TNFSF4
DSS	226	2009	DSS_0227	paper_2010	chr22	18586932	18587005	18586766	18587005	hypo	hypo	True	74	1.0	0.30833333333333335	0.30833333333333335	PEX26
DSS	229	612	DSS_0230	paper_0613	chr12	778419	778548	778202	778548	hypo	hypo	True	130	1.0	0.3746397694524496	0.3746397694524496	NINJ2
DSS	230	1937	DSS_0231	paper_1938	chr20	44741520	44741710	44741130	44741710	hypo	hypo	True	191	1.0	0.3287435456110155	0.3287435456110155	CD40
DSS	231	752	DSS_0232	paper_0753	chr12	116978537	116978646	116978491	116978646	hypo	hypo	True	110	1.0	0.7051282051282052	0.7051282051282052	MAP1LC3B2
DSS	232	1810	DSS_0233	paper_1811	chr2	175556014	175556591	175556014	175556591	hypo	hypo	True	578	1.0	1.0	1.0	WIPF1
DSS	233	3237	DSS_0234	paper_3238	chrX	40876294	40876449	40876294	40876449	hypo	hypo	True	156	1.0	1.0	1.0	USP9X
DSS	235	3044	DSS_0236	paper_3045	chr8	125726575	125726737	125726442	125726737	hypo	hypo	True	163	1.0	0.5506756756756757	0.5506756756756757	MTSS1
DSS	236	2287	DSS_0237	paper_2288	chr4	8422805	8422886	8422805	8422997	hypo	hypo	True	82	1.0	0.42487046632124353	0.42487046632124353	ACOX3
DSS	239	185	DSS_0240	paper_0186	chr1	168479138	168479330	168479138	168479330	hypo	hypo	True	193	1.0	1.0	1.0	XCL2
DSS	241	2174	DSS_0242	paper_2175	chr3	119290611	119290823	119290611	119290972	hypo	hypo	True	213	1.0	0.5883977900552486	0.5883977900552486	ADPRH
DSS	242	2553	DSS_0243	paper_2554	chr6	6861924	6862230	6861924	6862048	hypo	hypo	True	125	0.40716612377850164	1.0	0.40716612377850164	RREB1
DSS	244	1836	DSS_0245	paper_1837	chr2	206612280	206612346	206612280	206612346	hypo	hypo	True	67	1.0	1.0	1.0	NRP2
DSS	247	178	DSS_0248	paper_0179	chr1	156691446	156691538	156691446	156691538	hypo	hypo	True	93	1.0	1.0	1.0	RRNAD1
DSS	248	2143	DSS_0249	paper_2144	chr3	59051225	59051278	59051059	59051278	hypo	hypo	True	54	1.0	0.24545454545454545	0.24545454545454545	C3orf67
DSS	249	2090	DSS_0250	paper_2091	chr3	16783584	16783749	16783584	16783749	hypo	hypo	True	166	1.0	1.0	1.0	DAZL
DSS	250	714	DSS_0251	paper_0715	chr12	94179109	94179216	94179109	94179216	hypo	hypo	True	108	1.0	1.0	1.0	CRADD
DSS	251	2107	DSS_0252	paper_2108	chr3	41002705	41002953	41002705	41003179	hypo	hypo	True	249	1.0	0.5242105263157895	0.5242105263157895	CTNNB1
