dataset,tool,status,profile,eligible_count,dml_tp,dml_fp,dml_fn,dml_tn,dml_precision,dml_recall_eligible,dml_recall_full_truth,dml_f1,dml_mcc,dml_false_discovery_proportion,dml_average_precision,dml_auroc,dml_n_eligible,dml_n_truth,dml_n_scored,dmr_matched_regions,dmr_true_regions,dmr_called_regions,dmr_region_precision,dmr_region_recall,dmr_region_f1,dmr_matched_direction_accuracy,dmr_start_boundary_mae_bp,dmr_end_boundary_mae_bp,dmr_fragmented_true_regions,dmr_merged_called_regions,dmr_calls_without_eligible_cpg,dmr_calls_without_positive_eligible_cpg,dmr_strict_unmatched_fraction,dmr_null_region_fdp,dmr_cpg_tp,dmr_cpg_fp,dmr_cpg_fn,dmr_cpg_precision,dmr_cpg_recall,dmr_cpg_recall_full_truth,dmr_80_matched_regions,dmr_80_true_regions,dmr_80_called_regions,dmr_80_region_precision,dmr_80_region_recall,dmr_80_region_f1,dmr_80_matched_direction_accuracy,dmr_80_start_boundary_mae_bp,dmr_80_end_boundary_mae_bp,dmr_80_fragmented_true_regions,dmr_80_merged_called_regions,dmr_80_calls_without_eligible_cpg,dmr_80_calls_without_positive_eligible_cpg,dmr_80_strict_unmatched_fraction,dmr_80_null_region_fdp,dmr_80_cpg_tp,dmr_80_cpg_fp,dmr_80_cpg_fn,dmr_80_cpg_precision,dmr_80_cpg_recall,dmr_80_cpg_recall_full_truth,wall_seconds,peak_rss_bytes
chr1_3_206_pilot,epykit,ok,default,15790,0.0,0.0,141.0,15649.0,,0.0,0.0,0.0,0.0,0.0,0.12876648289269318,0.8334917283364808,15790.0,257.0,15692.0,4,12,9,0.4444444444444444,0.3333333333333333,0.38095238095238093,1.0,448.25,84.5,0,0,0,5,0.5555555555555556,0.5555555555555556,71,35,70,0.6698113207547169,0.5035460992907801,0.27626459143968873,1,12,9,0.1111111111111111,0.08333333333333333,0.09523809523809523,1.0,348.0,0.0,0,0,0,5,0.8888888888888888,0.5555555555555556,71,35,70,0.6698113207547169,0.5035460992907801,0.27626459143968873,1.6496657859534025,271405056
chr1_3_206_pilot,DSS,ok,default,15790,107.0,170.0,34.0,15479.0,0.3862815884476534,0.7588652482269503,0.4163424124513619,0.5119617224880383,0.5360037051005968,0.6137184115523465,0.6279858136650377,0.9661768884695235,15790.0,257.0,15790.0,3,12,5,0.6,0.25,0.35294117647058826,1.0,487.6666666666667,57.666666666666664,0,0,0,0,0.4,0.0,73,5,68,0.9358974358974359,0.5177304964539007,0.2840466926070039,2,12,5,0.4,0.16666666666666666,0.23529411764705882,1.0,288.0,20.0,0,0,0,0,0.6,0.0,73,5,68,0.9358974358974359,0.5177304964539007,0.2840466926070039,12.560246301814914,1351630848
chr1_3_206_pilot,methylKit,ok,default,15790,2.0,15.0,139.0,15634.0,0.11764705882352941,0.014184397163120567,0.007782101167315175,0.02531645569620253,0.03793983791569092,0.8823529411764706,0.06324190010607719,0.8049117406727098,15790.0,257.0,15696.0,2,12,5,0.4,0.16666666666666666,0.23529411764705882,1.0,557.0,254.0,1,0,0,2,0.6,0.4,45,14,96,0.7627118644067796,0.3191489361702128,0.17509727626459143,0,12,5,0.0,0.0,0.0,,,,1,0,0,2,1.0,0.4,45,14,96,0.7627118644067796,0.3191489361702128,0.17509727626459143,19.336639314889908,1361088512
chr1_3_206_pilot,BSmooth,ok,default,15790,,,,,,,,,,,,,,,,2,12,2,1.0,0.16666666666666666,0.2857142857142857,1.0,204.5,61.5,0,0,0,0,0.0,0.0,46,4,95,0.92,0.3262411347517731,0.17898832684824903,1,12,2,0.5,0.08333333333333333,0.14285714285714285,1.0,85.0,40.0,0,0,0,0,0.5,0.0,46,4,95,0.92,0.3262411347517731,0.17898832684824903,11.513379195705056,1028087808
chr1_3_206_pilot,dmrseq,ok,default,15790,,,,,,,,,,,,,,,,5,12,6,0.8333333333333334,0.4166666666666667,0.5555555555555556,1.0,288.4,271.4,0,0,0,0,0.16666666666666666,0.0,79,1,62,0.9875,0.5602836879432624,0.30739299610894943,1,12,6,0.16666666666666666,0.08333333333333333,0.1111111111111111,1.0,0.0,63.0,0,0,0,0,0.8333333333333334,0.0,79,1,62,0.9875,0.5602836879432624,0.30739299610894943,76.45597035996616,1450549248
chr1_3_206_pilot,DMRcate,ok,default,15790,0.0,0.0,141.0,15649.0,,0.0,0.0,0.0,0.0,0.0,0.1513817007504317,0.851997884440988,15790.0,257.0,15790.0,0,12,0,,0.0,0.0,,,,0,0,0,0,,0.0,0,0,141,,0.0,0.0,0,12,0,,0.0,0.0,,,,0,0,0,0,,0.0,0,0,141,,0.0,0.0,13.770035171881318,1443012608
chr1_3_206_null_pilot,epykit,ok,default,15828,0.0,0.0,0.0,15828.0,,,,0.0,0.0,0.0,,,15828.0,0.0,15712.0,0,0,0,,,,,,,0,0,0,0,,0.0,0,0,0,,,,0,0,0,,,,,,,0,0,0,0,,0.0,0,0,0,,,,1.4380300734192133,270671872
chr1_3_206_null_pilot,DSS,ok,default,15828,0.0,89.0,0.0,15739.0,0.0,,,0.0,0.0,1.0,,,15828.0,0.0,15827.0,0,0,0,,,,,,,0,0,0,0,,0.0,0,0,0,,,,0,0,0,,,,,,,0,0,0,0,,0.0,0,0,0,,,,12.121614377945662,1310523392
chr1_3_206_null_pilot,methylKit,ok,default,15828,0.0,16.0,0.0,15812.0,0.0,,,0.0,0.0,1.0,,,15828.0,0.0,15723.0,0,0,0,,,,,,,0,0,0,0,,0.0,0,0,0,,,,0,0,0,,,,,,,0,0,0,0,,0.0,0,0,0,,,,19.517073709517717,1363906560
chr1_3_206_null_pilot,BSmooth,ok,default,15828,,,,,,,,,,,,,,,,0,0,0,,,,,,,0,0,0,0,,0.0,0,0,0,,,,0,0,0,,,,,,,0,0,0,0,,0.0,0,0,0,,,,11.506906915456057,1017184256
chr1_3_206_null_pilot,dmrseq,ok,default,15828,,,,,,,,,,,,,,,,0,0,0,,,,,,,0,0,0,0,,0.0,0,0,0,,,,0,0,0,,,,,,,0,0,0,0,,0.0,0,0,0,,,,71.51515146158636,1465167872
chr1_3_206_null_pilot,DMRcate,ok,default,15828,0.0,0.0,0.0,15828.0,,,,0.0,0.0,0.0,,,15828.0,0.0,15828.0,0,0,0,,,,,,,0,0,0,0,,0.0,0,0,0,,,,0,0,0,,,,,,,0,0,0,0,,0.0,0,0,0,,,,13.773665269836783,1413099520
