sample_id	group	donor	path
DC81_MTB	treatment	DC81	/scratch/wgbs_benchmark_v4/development/real_uncapped_20261008/smoke_input/GSM1565939_DC81_MTB_5mC.cov
DC81_NI	control	DC81	/scratch/wgbs_benchmark_v4/development/real_uncapped_20261008/smoke_input/GSM1565940_DC81_NI_5mC.cov
DC82_MTB	treatment	DC82	/scratch/wgbs_benchmark_v4/development/real_uncapped_20261008/smoke_input/GSM1565941_DC82_MTB_5mC.cov
DC82_NI	control	DC82	/scratch/wgbs_benchmark_v4/development/real_uncapped_20261008/smoke_input/GSM1565942_DC82_NI_5mC.cov
DC83_MTB	treatment	DC83	/scratch/wgbs_benchmark_v4/development/real_uncapped_20261008/smoke_input/GSM1565943_DC83_MTB_5mC.cov
DC83_NI	control	DC83	/scratch/wgbs_benchmark_v4/development/real_uncapped_20261008/smoke_input/GSM1565944_DC83_NI_5mC.cov
DC87_MTB	treatment	DC87	/scratch/wgbs_benchmark_v4/development/real_uncapped_20261008/smoke_input/GSM1565945_DC87_MTB_5mC.cov
DC87_NI	control	DC87	/scratch/wgbs_benchmark_v4/development/real_uncapped_20261008/smoke_input/GSM1565946_DC87_NI_5mC.cov
DC89_MTB	treatment	DC89	/scratch/wgbs_benchmark_v4/development/real_uncapped_20261008/smoke_input/GSM1565947_DC89_MTB_5mC.cov
DC89_NI	control	DC89	/scratch/wgbs_benchmark_v4/development/real_uncapped_20261008/smoke_input/GSM1565948_DC89_NI_5mC.cov
DC91_MTB	treatment	DC91	/scratch/wgbs_benchmark_v4/development/real_uncapped_20261008/smoke_input/GSM1565949_DC91_MTB_5mC.cov
DC91_NI	control	DC91	/scratch/wgbs_benchmark_v4/development/real_uncapped_20261008/smoke_input/GSM1565950_DC91_NI_5mC.cov
