method	status	DML_TP	DML_FP	DML_FDP	DML_AP	DMR_matched	DMR_called	DMR_precision	DMR_recall	DMR_F1	DMR_wholly_null	DMR_CpG_precision	seconds	peak_RSS_GiB	source
epykit	ok	91.0	357.0	0.796875	0.044966197601957594	231	619	0.37318255250403876	0.3505311077389985	0.3615023474178404	341	0.5687512329848097	67.0005361046642	1.9290924072265625	results/chr1_3_reviewed/epykit
DSS	ok	3911.0	19849.0	0.8353956228956229	0.36392522522687076	172	287	0.5993031358885017	0.26100151745068284	0.36363636363636365	14	0.7642494777678305	521.5398363806307	4.832939147949219	results/chr1_3_reviewed/DSS
methylKit	ok	412.0	3536.0	0.8956433637284701	0.042469775178536326	65	744	0.08736559139784947	0.09863429438543247	0.09265858873841767	620	0.25808640579054515	1783.7045237869024	7.547630310058594	results/chr1_3_reviewed/methylKit
BSmooth	ok					81	204	0.39705882352941174	0.12291350531107739	0.18771726535341832	27	0.8524829600778968	1600.032591490075	12.491046905517578	results/chr1_3_reviewed/BSmooth
dmrseq	ok					216	241	0.8962655601659751	0.3277693474962064	0.48	5	0.9430630630630631	5387.194541748613	4.847766876220703	results/chr1_3_reviewed/dmrseq
DMRcate	ok	0.0	0.0	0.0	0.06043658880420359	0	0		0.0	0.0	0		115.21706301160157	6.818321228027344	results/chr1_3_reviewed/DMRcate
epykit depth-aware, asymptotic regions	ok	0.0	0.0	0.0	0.05474993041286817	185	352	0.5255681818181818	0.28072837632776937	0.3659742828882295	115	0.7624595469255664	64.11518749035895	1.8867301940917969	results/calibration_full_v5/bb_site/epykit
epykit experimental shrinkage	ok	0.0	0.0	0.0	0.011521798870115483	52	103	0.5048543689320388	0.07890743550834597	0.13648293963254593	16	0.8594164456233422	57.09214650839567	1.9124641418457031	results/calibration_full_v5/bb_eb/epykit
epykit depth-aware, permutation regions	ok	0.0	0.0	0.0	0.05474993041286817	22	22	1.0	0.03338391502276176	0.06461086637298091	0	0.9875311720698254	3328.616523526609	2.1432838439941406	results/calibration_final_v5/full_signal/epykit
