label,seed,sites,nrep,depth,imbalance,association,signal,method,tp,fp,fdp,recall,raw_null_fpr05,raw_null_fpr001,raw_null_fpr1e5,average_precision,seconds,prior_converged,prior_loglik
n3_d20_imbFalse_assocFalse_signalFalse,10021001,50000,3,20,False,False,False,bb_lognormal_F,0,0,0.0,,0.01608,6e-05,0.0,,8.359118051826954,True,-24354.326836977038
n3_d20_imbFalse_assocFalse_signalFalse,10021001,50000,3,20,False,False,False,bb_lognormal_chi2,0,266,1.0,,0.06596,0.00826,0.00226,,8.359118051826954,True,-24354.326836977038
n3_d20_imbFalse_assocFalse_signalFalse,10021001,50000,3,20,False,False,False,legacy_lr,0,8,1.0,,0.03284,0.0023,0.00016,,,True,-24354.326836977038
n3_d20_imbFalse_assocFalse_signalTrue,10021002,50000,3,20,False,False,True,bb_lognormal_F,0,0,0.0,0.0,0.01725357092349031,4.0406489282178716e-05,0.0,0.14710728233210835,8.726523663848639,True,-23915.546394533714
n3_d20_imbFalse_assocFalse_signalTrue,10021002,50000,3,20,False,False,True,bb_lognormal_chi2,111,286,0.7204030226700252,0.220675944333996,0.06915570640644887,0.008061094611794654,0.002040527708750025,0.14710728233210835,8.726523663848639,True,-23915.546394533714
n3_d20_imbFalse_assocFalse_signalTrue,10021002,50000,3,20,False,False,True,legacy_lr,1,11,0.9166666666666666,0.0019880715705765406,0.030830151322302362,0.0020001212194678463,0.00022223569105198296,0.11587188181672982,,True,-23915.546394533714
n5_d20_imbFalse_assocFalse_signalFalse,10021102,50000,5,20,False,False,False,bb_lognormal_F,0,0,0.0,,0.0299,0.00022,0.0,,14.304752707481384,True,-36789.893101564434
n5_d20_imbFalse_assocFalse_signalFalse,10021102,50000,5,20,False,False,False,bb_lognormal_chi2,0,48,1.0,,0.0574,0.00436,0.00056,,14.304752707481384,True,-36789.893101564434
n5_d20_imbFalse_assocFalse_signalFalse,10021102,50000,5,20,False,False,False,legacy_lr,0,3,1.0,,0.03324,0.00162,0.00012,,,True,-36789.893101564434
n5_d20_imbFalse_assocFalse_signalTrue,10021103,50000,5,20,False,False,True,bb_lognormal_F,0,0,0.0,0.0,0.028683391912091464,0.00030299357653617746,0.0,0.4165333523989802,11.99453948624432,True,-37535.79116464893
n5_d20_imbFalse_assocFalse_signalTrue,10021103,50000,5,20,False,False,True,bb_lognormal_chi2,180,128,0.4155844155844156,0.3643724696356275,0.05665979881226518,0.00442370621742819,0.0006665858683795904,0.4165333523989802,11.99453948624432,True,-37535.79116464893
n5_d20_imbFalse_assocFalse_signalTrue,10021103,50000,5,20,False,False,True,legacy_lr,14,17,0.5483870967741935,0.02834008097165992,0.03324849513190321,0.001757362743909829,0.00024239486122894195,0.278433519498493,,True,-37535.79116464893
n5_d20_imbTrue_assocFalse_signalFalse,10021203,50000,5,20,True,False,False,bb_lognormal_F,0,0,0.0,,0.03406,0.00052,0.0,,12.656960882246494,True,-32078.543122772673
n5_d20_imbTrue_assocFalse_signalFalse,10021203,50000,5,20,True,False,False,bb_lognormal_chi2,0,172,1.0,,0.06436,0.00688,0.00126,,12.656960882246494,True,-32078.543122772673
n5_d20_imbTrue_assocFalse_signalFalse,10021203,50000,5,20,True,False,False,legacy_lr,0,68,1.0,,0.05394,0.00432,0.0006,,,True,-32078.543122772673
n5_d20_imbTrue_assocFalse_signalTrue,10021204,50000,5,20,True,False,True,bb_lognormal_F,0,0,0.0,0.0,0.0317630408410837,0.0004043671653861706,0.0,0.3062496348796859,14.537842191755772,True,-32034.063287480763
n5_d20_imbTrue_assocFalse_signalTrue,10021204,50000,5,20,True,False,True,bb_lognormal_chi2,166,174,0.5117647058823529,0.3074074074074074,0.060493327941771126,0.005640921957137081,0.0010513546300040437,0.3062496348796859,14.537842191755772,True,-32034.063287480763
n5_d20_imbTrue_assocFalse_signalTrue,10021204,50000,5,20,True,False,True,legacy_lr,24,57,0.7037037037037037,0.044444444444444446,0.053780832996360696,0.003801051354630004,0.0005256773150020219,0.17540430872262464,,True,-32034.063287480763
n5_d60_imbTrue_assocFalse_signalFalse,10021304,50000,5,60,True,False,False,bb_lognormal_F,0,0,0.0,,0.0382,0.0009,0.0,,18.80854694917798,True,-45379.474106380636
n5_d60_imbTrue_assocFalse_signalFalse,10021304,50000,5,60,True,False,False,bb_lognormal_chi2,0,211,1.0,,0.07004,0.00798,0.00162,,18.80854694917798,True,-45379.474106380636
n5_d60_imbTrue_assocFalse_signalFalse,10021304,50000,5,60,True,False,False,legacy_lr,0,108,1.0,,0.06014,0.0057,0.00114,,,True,-45379.474106380636
n5_d60_imbTrue_assocFalse_signalTrue,10021305,50000,5,60,True,False,True,bb_lognormal_F,0,0,0.0,0.0,0.036550150441226954,0.00046444942549625414,0.0,0.5534139089663381,20.1141548268497,True,-44775.760791629014
n5_d60_imbTrue_assocFalse_signalTrue,10021305,50000,5,60,True,False,True,bb_lognormal_chi2,279,266,0.48807339449541287,0.5824634655532359,0.06738555360352173,0.007027321742291149,0.001312574463358979,0.5534139089663381,20.1141548268497,True,-44775.760791629014
n5_d60_imbTrue_assocFalse_signalTrue,10021305,50000,5,60,True,False,True,legacy_lr,84,125,0.5980861244019139,0.17536534446764093,0.05906585085115405,0.004947396054199228,0.0011106399305345206,0.25315790058304,,True,-44775.760791629014
n10_d20_imbTrue_assocFalse_signalFalse,10021405,50000,10,20,True,False,False,bb_lognormal_F,0,0,0.0,,0.03948,0.00062,0.0,,18.35310790501535,True,-58541.591136140814
n10_d20_imbTrue_assocFalse_signalFalse,10021405,50000,10,20,True,False,False,bb_lognormal_chi2,0,23,1.0,,0.05158,0.00252,0.00032,,18.35310790501535,True,-58541.591136140814
n10_d20_imbTrue_assocFalse_signalFalse,10021405,50000,10,20,True,False,False,legacy_lr,0,34,1.0,,0.05324,0.00378,0.00048,,,True,-58541.591136140814
n10_d20_imbTrue_assocFalse_signalTrue,10021406,50000,10,20,True,False,True,bb_lognormal_F,142,8,0.05333333333333334,0.2874493927125506,0.03738940734456429,0.0005655880095341979,0.0,0.6587046520912279,18.809188636019826,True,-57096.813534174595
n10_d20_imbTrue_assocFalse_signalTrue,10021406,50000,10,20,True,False,True,bb_lognormal_chi2,251,55,0.17973856209150327,0.5080971659919028,0.05059992728154163,0.002363349896982184,0.00020199571769078495,0.6587046520912279,18.809188636019826,True,-57096.813534174595
n10_d20_imbTrue_assocFalse_signalTrue,10021406,50000,10,20,True,False,True,legacy_lr,182,72,0.28346456692913385,0.3684210526315789,0.05348846604451986,0.003474326344281501,0.00034339272007433445,0.4907016026376784,,True,-57096.813534174595
n5_d20_imbTrue_assocTrue_signalFalse,10021506,50000,5,20,True,True,False,bb_lognormal_F,0,0,0.0,,0.01794,2e-05,0.0,,14.003420164808631,True,-30155.229008217688
n5_d20_imbTrue_assocTrue_signalFalse,10021506,50000,5,20,True,True,False,bb_lognormal_chi2,0,2,1.0,,0.04186,0.0009,6e-05,,14.003420164808631,True,-30155.229008217688
n5_d20_imbTrue_assocTrue_signalFalse,10021506,50000,5,20,True,True,False,legacy_lr,0,356,1.0,,0.05044,0.0088,0.0038,,,True,-30155.229008217688
n5_d20_imbTrue_assocTrue_signalTrue,10021507,50000,5,20,True,True,True,bb_lognormal_F,0,0,0.0,0.0,0.01920588710981724,0.0,0.0,0.5372714415995925,13.817211650311947,True,-29745.92746502215
n5_d20_imbTrue_assocTrue_signalTrue,10021507,50000,5,20,True,True,True,bb_lognormal_chi2,112,10,0.08196721311475409,0.208955223880597,0.04397137311984473,0.0012130033964095099,2.0216723273491833e-05,0.5372714415995925,13.817211650311947,True,-29745.92746502215
n5_d20_imbTrue_assocTrue_signalTrue,10021507,50000,5,20,True,True,True,legacy_lr,179,411,0.6966101694915254,0.333955223880597,0.05254326378780527,0.00938055959890021,0.003820960698689956,0.2764162890950812,,True,-29745.92746502215
