chrom	start	end	pvalue	qvalue	direction
chr1	10001	11000	0.991257920028286	0.995804974707315	1
chr1	13001	14000	0.853623648665593	0.98238794027726	1
chr1	15001	16000	0.209744288302834	0.98238794027726	1
chr1	16001	17000	0.202766777116451	0.98238794027726	-1
chr1	17001	18000	0.300592254630712	0.98238794027726	-1
chr1	54001	55000	0.598167953848562	0.98238794027726	-1
chr1	56001	57000	0.617905690548189	0.98238794027726	-1
chr1	102001	103000	0.859525635932518	0.98238794027726	1
chr1	126001	127000	0.39760751156403	0.98238794027726	1
chr1	135001	136000	0.159100388862968	0.98238794027726	1
chr1	136001	137000	0.510257055163657	0.98238794027726	-1
chr1	139001	140000	0.497709377879888	0.98238794027726	-1
chr1	230001	231000	0.0321087531441095	0.98238794027726	1
chr1	232001	233000	0.236591743249057	0.98238794027726	1
chr1	233001	234000	0.491613871902099	0.98238794027726	1
chr1	237001	238000	0.475924895869095	0.98238794027726	-1
chr1	245001	246000	0.697064114841115	0.98238794027726	1
chr1	249001	250000	0.242833306743197	0.98238794027726	-1
chr1	252001	253000	0.488579970555766	0.98238794027726	-1
chr1	254001	255000	0.433691568819371	0.98238794027726	1
chr1	565001	566000	0.630472704772364	0.98238794027726	1
chr1	567001	568000	0.0411875626204242	0.98238794027726	-1
chr1	568001	569000	0.317578819978648	0.98238794027726	-1
chr1	569001	570000	0.194220290529162	0.98238794027726	-1
chr1	625001	626000	0.89851698800939	0.98238794027726	1
chr1	626001	627000	0.362027379991601	0.98238794027726	1
chr1	636001	637000	0.568647588899858	0.98238794027726	1
chr1	637001	638000	0.912788795285337	0.98238794027726	1
chr1	669001	670000	0.721374132741309	0.98238794027726	-1
chr1	704001	705000	0.0901826876176882	0.98238794027726	1
chr1	705001	706000	0.840325509793556	0.98238794027726	1
chr1	707001	708000	0.813812190560215	0.98238794027726	-1
chr1	710001	711000	0.855691948860504	0.98238794027726	1
chr1	712001	713000	0.462867219894208	0.98238794027726	-1
chr1	713001	714000	0.800236257102743	0.98238794027726	-1
chr1	714001	715000	0.32859188800416	0.98238794027726	-1
chr1	715001	716000	0.210372225178474	0.98238794027726	1
chr1	717001	718000	0.240259170140692	0.98238794027726	-1
chr1	718001	719000	0.332873358261226	0.98238794027726	1
chr1	719001	720000	0.141817596350115	0.98238794027726	-1
chr1	720001	721000	0.349703091339514	0.98238794027726	1
chr1	721001	722000	0.865136816452903	0.98238794027726	-1
chr1	722001	723000	0.21630509416203	0.98238794027726	-1
chr1	723001	724000	0.494820399899847	0.98238794027726	-1
chr1	724001	725000	0.945062091462981	0.98238794027726	-1
chr1	725001	726000	0.932838076920988	0.98238794027726	1
chr1	726001	727000	0.167600017251193	0.98238794027726	-1
chr1	727001	728000	0.51190994581826	0.98238794027726	-1
chr1	728001	729000	0.0639477754091522	0.98238794027726	1
chr1	729001	730000	0.449445331823737	0.98238794027726	-1
chr1	730001	731000	0.968930571232366	0.98238794027726	1
chr1	731001	732000	0.750112905888924	0.98238794027726	1
chr1	732001	733000	0.0586563985722917	0.98238794027726	1
chr1	734001	735000	0.955372733382923	0.98238794027726	-1
chr1	736001	737000	0.278843628440727	0.98238794027726	1
chr1	737001	738000	0.725910058508679	0.98238794027726	1
chr1	738001	739000	0.289212697335083	0.98238794027726	1
chr1	739001	740000	0.331435057916752	0.98238794027726	-1
chr1	740001	741000	0.15729514982296	0.98238794027726	1
chr1	741001	742000	0.0461778575011907	0.98238794027726	1
chr1	742001	743000	0.636129098732672	0.98238794027726	1
chr1	743001	744000	0.772938516007364	0.98238794027726	1
chr1	745001	746000	0.0214126924375966	0.98238794027726	1
chr1	746001	747000	0.220098418772114	0.98238794027726	-1
chr1	752001	753000	0.439288893482592	0.98238794027726	-1
chr1	753001	754000	0.51203662845935	0.98238794027726	1
chr1	754001	755000	0.264257418342445	0.98238794027726	1
chr1	755001	756000	0.637387109487977	0.98238794027726	1
chr1	756001	757000	0.152367897571399	0.98238794027726	1
chr1	757001	758000	0.735088300406829	0.98238794027726	-1
chr1	758001	759000	0.170819471322385	0.98238794027726	1
chr1	759001	760000	0.749030802607984	0.98238794027726	-1
chr1	760001	761000	0.938437037530021	0.98238794027726	-1
chr1	761001	762000	0.348366771835985	0.98238794027726	1
chr1	762001	763000	0.79630745726821	0.98238794027726	-1
chr1	764001	765000	0.947403345458581	0.98238794027726	-1
chr1	765001	766000	0.0147459353552537	0.98238794027726	1
chr1	766001	767000	0.810845767561815	0.98238794027726	1
chr1	767001	768000	0.402343881706721	0.98238794027726	1
chr1	768001	769000	0.356057270941764	0.98238794027726	-1
chr1	769001	770000	0.965651597379396	0.98238794027726	1
chr1	770001	771000	0.379676498537336	0.98238794027726	-1
chr1	771001	772000	0.389912476279476	0.98238794027726	1
chr1	772001	773000	0.83710170607673	0.98238794027726	1
chr1	773001	774000	0.778351990391069	0.98238794027726	-1
chr1	774001	775000	0.997406900497575	0.997406900497575	-1
chr1	775001	776000	0.898770985427121	0.98238794027726	1
chr1	776001	777000	0.23613166369275	0.98238794027726	1
chr1	777001	778000	0.051623613655742	0.98238794027726	-1
chr1	778001	779000	0.95304878803225	0.98238794027726	-1
chr1	779001	780000	0.942478335899251	0.98238794027726	1
chr1	780001	781000	0.0461621952624645	0.98238794027726	1
chr1	781001	782000	0.775586407371698	0.98238794027726	1
chr1	782001	783000	0.363783196953412	0.98238794027726	1
chr1	783001	784000	0.46364577813236	0.98238794027726	1
chr1	784001	785000	0.139156547930011	0.98238794027726	-1
chr1	785001	786000	0.441857410765935	0.98238794027726	-1
chr1	786001	787000	0.387373363983837	0.98238794027726	-1
chr1	787001	788000	0.916668975014021	0.98238794027726	-1
chr1	788001	789000	0.388618090998272	0.98238794027726	-1
chr1	789001	790000	0.317569323005068	0.98238794027726	1
chr1	790001	791000	0.761928282335842	0.98238794027726	-1
chr1	791001	792000	0.0942314145756732	0.98238794027726	1
chr1	792001	793000	0.490742824993963	0.98238794027726	1
chr1	793001	794000	0.354923383634686	0.98238794027726	-1
chr1	794001	795000	0.827733121566706	0.98238794027726	1
chr1	795001	796000	0.620740565132955	0.98238794027726	1
chr1	796001	797000	0.649344536973888	0.98238794027726	-1
chr1	797001	798000	0.946156331533079	0.98238794027726	-1
chr1	798001	799000	0.58506562861329	0.98238794027726	-1
chr1	799001	800000	0.655917692605783	0.98238794027726	1
chr1	800001	801000	0.416379561856128	0.98238794027726	1
chr1	801001	802000	0.0148472366120651	0.98238794027726	-1
chr1	802001	803000	0.816393304575957	0.98238794027726	1
chr1	804001	805000	0.721829034818159	0.98238794027726	-1
chr1	805001	806000	0.642782250025924	0.98238794027726	1
chr1	806001	807000	0.558905135328121	0.98238794027726	-1
chr1	807001	808000	0.30617456470214	0.98238794027726	1
chr1	808001	809000	0.0583408422342625	0.98238794027726	-1
chr1	809001	810000	0.309486346246851	0.98238794027726	-1
chr1	810001	811000	0.390601426683652	0.98238794027726	-1
chr1	811001	812000	0.353067411937781	0.98238794027726	-1
chr1	812001	813000	0.498965611595112	0.98238794027726	-1
chr1	813001	814000	0.265766763397205	0.98238794027726	1
chr1	814001	815000	0.276588345126478	0.98238794027726	1
chr1	815001	816000	0.273020858709903	0.98238794027726	-1
chr1	816001	817000	0.867986473368354	0.98238794027726	-1
chr1	817001	818000	0.871863756545069	0.98238794027726	1
chr1	818001	819000	0.891306133250148	0.98238794027726	-1
chr1	819001	820000	0.248771407124849	0.98238794027726	-1
chr1	820001	821000	0.235768199165302	0.98238794027726	-1
chr1	821001	822000	0.931867345475889	0.98238794027726	1
chr1	822001	823000	0.88580303724551	0.98238794027726	-1
chr1	823001	824000	0.629097775542931	0.98238794027726	1
chr1	824001	825000	0.284616876577064	0.98238794027726	-1
chr1	825001	826000	0.978152093748475	0.987167320418968	1
chr1	826001	827000	0.963766841615051	0.98238794027726	1
chr1	827001	828000	0.822685761961007	0.98238794027726	-1
chr1	828001	829000	0.707836025084462	0.98238794027726	-1
chr1	829001	830000	0.500706207802364	0.98238794027726	1
chr1	830001	831000	0.523152248128995	0.98238794027726	1
chr1	831001	832000	0.525441167274352	0.98238794027726	1
chr1	832001	833000	0.67451719220839	0.98238794027726	-1
chr1	833001	834000	0.479483585627945	0.98238794027726	1
chr1	834001	835000	0.850262165054446	0.98238794027726	1
chr1	835001	836000	0.934061328815961	0.98238794027726	1
chr1	836001	837000	0.841456448132901	0.98238794027726	-1
chr1	837001	838000	0.792323055508399	0.98238794027726	-1
chr1	838001	839000	0.16475769753716	0.98238794027726	1
chr1	839001	840000	0.598371419996058	0.98238794027726	1
chr1	840001	841000	0.675499022191016	0.98238794027726	1
chr1	841001	842000	0.965975154143058	0.98238794027726	-1
chr1	842001	843000	0.635679241320607	0.98238794027726	1
chr1	843001	844000	0.599945705315226	0.98238794027726	1
chr1	844001	845000	0.842383786909299	0.98238794027726	1
chr1	845001	846000	0.674792541594202	0.98238794027726	-1
chr1	846001	847000	0.694463812931699	0.98238794027726	1
chr1	847001	848000	0.621857898112115	0.98238794027726	1
chr1	848001	849000	0.905692239797831	0.98238794027726	1
chr1	849001	850000	0.790171834249059	0.98238794027726	-1
chr1	850001	851000	0.748307136835195	0.98238794027726	-1
chr1	851001	852000	0.641249116279602	0.98238794027726	-1
chr1	852001	853000	0.428615694133177	0.98238794027726	-1
chr1	853001	854000	0.270782745381573	0.98238794027726	1
chr1	854001	855000	0.219143709894619	0.98238794027726	-1
chr1	855001	856000	0.836552523801067	0.98238794027726	-1
chr1	856001	857000	0.199487569512262	0.98238794027726	-1
chr1	857001	858000	0.433249142384919	0.98238794027726	-1
chr1	858001	859000	0.914625399667544	0.98238794027726	-1
chr1	859001	860000	0.787115860998087	0.98238794027726	1
chr1	860001	861000	0.49375992160211	0.98238794027726	-1
chr1	861001	862000	0.311936740574823	0.98238794027726	1
chr1	862001	863000	0.399474484586855	0.98238794027726	-1
chr1	863001	864000	0.781097001081925	0.98238794027726	1
chr1	864001	865000	0.478529749637275	0.98238794027726	1
chr1	865001	866000	0.221770194811607	0.98238794027726	-1
chr1	866001	867000	0.211430852578514	0.98238794027726	-1
chr1	867001	868000	0.867402876376117	0.98238794027726	1
chr1	868001	869000	0.536635861453412	0.98238794027726	-1
chr1	869001	870000	0.735619732294687	0.98238794027726	-1
chr1	870001	871000	0.907339153455849	0.98238794027726	1
chr1	871001	872000	0.798455990814446	0.98238794027726	1
chr1	872001	873000	0.892013174965588	0.98238794027726	1
chr1	873001	874000	0.736753051062521	0.98238794027726	-1
chr1	874001	875000	0.441130376175447	0.98238794027726	1
chr1	875001	876000	0.328130654729594	0.98238794027726	-1
chr1	876001	877000	0.173972304569632	0.98238794027726	-1
chr1	877001	878000	0.708625886227321	0.98238794027726	-1
chr1	878001	879000	0.340740323423136	0.98238794027726	1
chr1	879001	880000	0.633607308779899	0.98238794027726	-1
chr1	880001	881000	0.333247294614585	0.98238794027726	1
chr1	881001	882000	0.567959184727791	0.98238794027726	1
chr1	882001	883000	0.558706944725005	0.98238794027726	-1
chr1	883001	884000	0.24693321693559	0.98238794027726	-1
chr1	884001	885000	0.222630641045378	0.98238794027726	1
chr1	885001	886000	0.579450032311179	0.98238794027726	1
chr1	886001	887000	0.871317246508237	0.98238794027726	-1
chr1	887001	888000	0.837732609444698	0.98238794027726	1
chr1	888001	889000	0.646220181709992	0.98238794027726	-1
chr1	889001	890000	0.497778840436558	0.98238794027726	1
chr1	890001	891000	0.719138695433287	0.98238794027726	1
chr1	891001	892000	0.570001376018313	0.98238794027726	-1
chr1	892001	893000	0.455345592570125	0.98238794027726	1
chr1	893001	894000	0.854555405735131	0.98238794027726	-1
chr1	894001	895000	0.110727454280112	0.98238794027726	1
chr1	895001	896000	0.0458471408572405	0.98238794027726	-1
chr1	896001	897000	0.843952074921074	0.98238794027726	-1
chr1	897001	898000	0.86092926322022	0.98238794027726	1
chr1	898001	899000	0.937652270699126	0.98238794027726	1
chr1	899001	900000	0.489991452497968	0.98238794027726	1
chr1	900001	901000	0.551509167375299	0.98238794027726	1
chr1	901001	902000	0.926371672934299	0.98238794027726	1
chr1	902001	903000	0.280919499491534	0.98238794027726	1
chr1	903001	904000	0.935687812329591	0.98238794027726	-1
chr1	904001	905000	0.387167913349274	0.98238794027726	1
chr1	905001	906000	0.923488097467576	0.98238794027726	-1
chr1	906001	907000	0.540680133154645	0.98238794027726	-1
chr1	907001	908000	0.309622694150444	0.98238794027726	-1
chr1	908001	909000	0.826685545398572	0.98238794027726	1
