chrom	start	end	n_cpgs	n_significant	mean_meth_diff	combined_pvalue	dmr_type	combined_qvalue	combined_qvalue_reject	empirical_pvalue	empirical_qvalue
chr22	20016802	20016854	5	5	0.17860238	5.303758843564692e-11	hyper	6.502869538631491e-10	true	0.011064718162839248	0.022306397306397305
chr22	20021192	20021369	6	5	0.20249589	5.353037881028351e-12	hyper	7.547783412249975e-11	true	0.00918580375782881	0.02222222222222222
chr22	23727731	23728310	7	4	-0.26107344	1.9654887902082571e-7	hypo	1.7320869963710266e-6	true	0.028392484342379957	0.04292929292929293
chr22	24444404	24445395	9	9	-0.26401928	1.4713611458404748e-14	hypo	2.9637417366215276e-13	true	0.005219206680584551	0.01803751803751804
chr22	25094297	25094777	5	3	-0.19852999	3.2853978784928264e-7	hypo	2.807521823439324e-6	true	0.030480167014613778	0.044689317416590144
chr22	26594179	26594838	12	8	-0.18653665	2.8222386540281707e-11	hypo	3.789863335409258e-10	true	0.01022964509394572	0.022306397306397305
chr22	26595342	26595533	8	5	-0.17503357	3.645460011091867e-8	hypo	3.426732410426355e-7	true	0.021920668058455117	0.03535353535353535
chr22	28739940	28741290	24	12	-0.14280416	1.902532685723615e-16	hypo	4.877401976127813e-15	true	0.0041753653444676405	0.017094017094017092
chr22	29514767	29516121	14	8	-0.2371486	3.4803473835273975e-17	hypo	1.0905088468385846e-15	true	0.0035490605427974946	0.017094017094017092
chr22	30688418	30689062	10	5	-0.21619435	1.4041173176559617e-12	hypo	2.199783797661007e-11	true	0.007933194154488519	0.02132435465768799
chr22	31489307	31489398	8	8	0.20538095	4.637449355302613e-16	hyper	1.089800598496114e-14	true	0.004384133611691023	0.017094017094017092
chr22	31880582	31882265	22	15	-0.207502	2.921605808419184e-23	hypo	1.6477856759484197e-21	true	0.0010438413361169101	0.0101010101010101
chr22	35856803	35857233	11	9	-0.22800931	3.927191852040363e-17	hypo	1.1074681022753823e-15	true	0.003966597077244259	0.017094017094017092
chr22	36835556	36836132	7	6	-0.23958322	3.916797486117972e-9	hypo	3.944774611018814e-8	true	0.01753653444676409	0.030303030303030304
chr22	37716907	37718005	23	17	-0.2038053	2.815331986120388e-20	hypo	9.924045251074367e-19	true	0.0022964509394572024	0.013888888888888888
chr22	39323934	39324179	10	9	-0.2476066	3.1691518418983077e-15	hypo	6.874621687810176e-14	true	0.004592901878914405	0.017094017094017092
chr22	39324928	39325305	9	6	-0.20800965	3.2210542843240525e-12	hypo	4.780722674628331e-11	true	0.008559498956158663	0.021796916533758637
chr22	40171970	40172471	6	6	-0.22867401	3.6160845021063594e-10	hypo	4.0789433183759734e-9	true	0.012108559498956159	0.023434343434343433
chr22	40562123	40562195	8	5	-0.19669297	7.971754991963964e-10	hypo	8.646288106668607e-9	true	0.013361169102296452	0.024864024864024867
chr22	40564008	40564840	16	11	-0.1847014	1.2000486546664486e-22	hypo	5.640228676932308e-21	true	0.0014613778705636743	0.011784511784511785
chr22	42456628	42458084	26	17	-0.2839842	2.6367285754261037e-30	hypo	2.4785248609005374e-28	true	0.0006263048016701461	0.0101010101010101
chr22	42565126	42565450	17	14	-0.2080731	1.2593691531736628e-24	hypo	8.878552529874323e-23	true	0.0010438413361169101	0.0101010101010101
chr22	43392029	43393012	10	6	-0.2672363	4.453221502217094e-11	hypo	5.708220289205548e-10	true	0.010855949895615866	0.022306397306397305
chr22	44868398	44868706	9	8	-0.25246358	3.428123452331248e-14	hypo	6.444872090382747e-13	true	0.005636743215031315	0.01818181818181818
chr22	45335216	45335947	19	15	-0.23798238	6.995902891042049e-34	hypo	1.972844615273858e-31	true	0.00020876826722338206	0.005050505050505051
chr22	46231500	46232368	19	16	-0.16426364	1.2060941858741924e-32	hypo	1.7005928020826113e-30	true	0.00020876826722338206	0.005050505050505051
chr22	47618685	47618859	5	5	-0.23559657	1.391477693930905e-7	hypo	1.2657958377048877e-6	true	0.027139874739039668	0.042359074617139135
chr22	49099235	49100539	21	12	-0.17900752	1.3800685388981697e-13	hypo	2.432370799808024e-12	true	0.006889352818371607	0.0202020202020202
chr22	49255549	49256719	20	11	-0.1679248	6.91203153581255e-11	hypo	8.121637054579747e-10	true	0.011064718162839248	0.022306397306397305
chr22	49671832	49672300	10	5	-0.30946845	1.4673611237811458e-9	hypo	1.5325771737269744e-8	true	0.014822546972860125	0.026561915450804337
chr22	49846325	49846744	8	5	-0.21505208	3.456926723688641e-8	hypo	3.3615632278627476e-7	true	0.021711899791231733	0.03535353535353535
chr22	50586424	50587009	9	7	-0.17505729	2.0269217508798567e-13	hypo	3.362305492635998e-12	true	0.007098121085594989	0.0202020202020202
chr22	50711150	50711455	12	10	-0.23291211	2.52238402144033e-20	hypo	9.924045251074367e-19	true	0.0020876826722338203	0.013888888888888888
