tool,stage,threshold,calls,matched,truth_regions_with_any_overlap,truth_regions_with_qualifying_overlap,recall
original,before_q,0.5,10785,1208,1431,1208,0.417559626685102
original,before_q,0.8,10785,689,1431,689,0.23816107846526097
original,after_q,0.5,3623,1202,1409,1202,0.4154856550293813
original,after_q,0.8,3623,689,1409,689,0.23816107846526097
region_fix,before_q,0.5,10785,1208,1431,1208,0.417559626685102
region_fix,before_q,0.8,10785,689,1431,689,0.23816107846526097
region_fix,after_q,0.5,980,891,954,891,0.30798479087452474
region_fix,after_q,0.8,980,587,954,587,0.202903560318009
BB_F,before_q,0.5,3771,1169,1390,1169,0.40407881092291736
BB_F,before_q,0.8,3771,705,1390,705,0.24369166954718285
BB_F,after_q,0.5,853,779,835,779,0.2692706533010715
BB_F,after_q,0.8,853,558,835,558,0.19287936398202557
