tool,reciprocal_threshold,calls,paper_total,calls_overlapping_paper,paper_regions_covered,one_to_one_matches,coverage_precision,coverage_recall,one_to_one_precision,one_to_one_recall,discordant_pairs
DSS,0.0,922,813,708,711,706,0.7678958785249458,0.8745387453874539,0.7657266811279827,0.8683886838868389,0
DSS,0.5,922,813,659,659,659,0.7147505422993492,0.8105781057810578,0.7147505422993492,0.8105781057810578,0
DSS,0.8,922,813,590,590,590,0.6399132321041214,0.7257072570725708,0.6399132321041214,0.7257072570725708,0
epykit,0.0,51,813,41,41,41,0.803921568627451,0.050430504305043,0.803921568627451,0.050430504305043,0
epykit,0.5,51,813,15,15,15,0.2941176470588235,0.018450184501845,0.2941176470588235,0.018450184501845,0
epykit,0.8,51,813,10,10,10,0.196078431372549,0.01230012300123,0.196078431372549,0.01230012300123,0
DMRcate,0.0,223,813,112,105,102,0.5022421524663677,0.1291512915129151,0.4573991031390134,0.1254612546125461,0
DMRcate,0.5,223,813,27,27,27,0.1210762331838565,0.033210332103321,0.1210762331838565,0.033210332103321,0
DMRcate,0.8,223,813,10,10,10,0.0448430493273542,0.01230012300123,0.0448430493273542,0.01230012300123,0
