tool,reciprocal_threshold,calls,paper_total,calls_overlapping_paper,paper_regions_covered,overlap_fraction,one_to_one_matches,discordant_pairs
epykit,0.0,56,3271,52,53,0.9285714285714286,52,0
epykit,0.5,56,3271,39,39,0.6964285714285714,39,0
epykit,0.8,56,3271,10,10,0.1785714285714285,10,0
epykit_original,0.0,431,3271,158,160,0.3665893271461717,158,0
epykit_original,0.5,431,3271,99,99,0.2296983758700696,99,0
epykit_original,0.8,431,3271,30,30,0.0696055684454756,30,0
epykit_beta_binomial,0.0,48,3271,46,47,0.9583333333333334,46,0
epykit_beta_binomial,0.5,48,3271,35,35,0.7291666666666666,35,0
epykit_beta_binomial,0.8,48,3271,8,8,0.1666666666666666,8,0
DSS,0.0,253,3271,180,180,0.7114624505928854,179,0
DSS,0.5,253,3271,130,130,0.5138339920948617,130,0
DSS,0.8,253,3271,60,60,0.2371541501976284,60,0
DMRcate,0.0,0,3271,0,0,,0,0
DMRcate,0.5,0,3271,0,0,,0,0
DMRcate,0.8,0,3271,0,0,,0,0
BSmooth,0.0,134,3271,67,67,0.5,67,0
BSmooth,0.5,134,3271,51,51,0.3805970149253731,51,0
BSmooth,0.8,134,3271,26,26,0.1940298507462686,26,0
dmrseq,0.0,12,3271,12,12,1.0,12,0
dmrseq,0.5,12,3271,9,9,0.75,9,0
dmrseq,0.8,12,3271,4,4,0.3333333333333333,4,0
methylKit,0.0,58,3271,28,28,0.4827586206896552,28,0
methylKit,0.5,58,3271,2,2,0.0344827586206896,2,0
methylKit,0.8,58,3271,0,0,0.0,0,0
