tool,dataset,kind,rows
epykit_original,genome_autosomes_signal,dmr,3623
epykit_original,genome_autosomes_signal,dmr_candidates,3623
epykit_original,genome_autosomes_null,dmr,1869
epykit_original,genome_autosomes_null,dmr_candidates,1869
epykit_original,real,dmr,431
epykit_original,real,dmr_candidates,431
epykit_region_fix,genome_autosomes_signal,dmr,980
epykit_region_fix,genome_autosomes_signal,dmr_candidates,980
epykit_region_fix,genome_autosomes_null,dmr,0
epykit_region_fix,genome_autosomes_null,dmr_candidates,0
epykit_region_fix,real,dmr,56
epykit_region_fix,real,dmr_candidates,56
epykit_beta_binomial,genome_autosomes_signal,dmr,853
epykit_beta_binomial,genome_autosomes_signal,dmr_candidates,853
epykit_beta_binomial,genome_autosomes_null,dmr,0
epykit_beta_binomial,genome_autosomes_null,dmr_candidates,0
epykit_beta_binomial,real,dmr,48
epykit_beta_binomial,real,dmr_candidates,48
