nrep,df,lr,p_F,p_chi2
3,4,10,0.03410942316740963,0.001565402258002549
3,4,20,0.011056493393450073,7.744216431044088e-06
3,4,30,0.0054084788647625745,4.3204630578274955e-08
3,4,50,0.002110645845091271,1.537459794428033e-12
3,4,100,0.0005620036227159912,1.5239706048320995e-23
5,8,10,0.013349063426018723,0.001565402258002549
5,8,20,0.0020773377112267813,7.744216431044088e-06
5,8,30,0.0005893879768047376,4.3204630578274955e-08
5,8,50,0.00010495362247997345,1.537459794428033e-12
5,8,100,8.488181527628492e-06,1.5239706048320995e-23
10,18,10,0.005391156430456604,0.001565402258002549
10,18,20,0.00029456415536660086,7.744216431044088e-06
10,18,30,3.3447782269730235e-05,4.3204630578274955e-08
10,18,50,1.35641376000108e-06,1.537459794428033e-12
10,18,100,8.930946909956929e-09,1.5239706048320995e-23
