dataset,tool,matching,source_run,reused,matched_regions,true_regions,called_regions,region_precision,region_recall,region_f1,matched_direction_accuracy,start_boundary_mae_bp,end_boundary_mae_bp,fragmented_true_regions,merged_called_regions,calls_without_eligible_cpg,calls_without_positive_eligible_cpg,strict_unmatched_fraction,null_region_fdp,cpg_tp,cpg_fp,cpg_fn,cpg_precision,cpg_recall,cpg_recall_full_truth,runtime_s,peak_rss_gib
genome_autosomes_signal,epykit_original,dmr,genome_baseline,True,1202,2893,3623,0.3317692520011041,0.4154856550293813,0.3689379987722529,1.0,200.1314475873544,192.5707154742097,78,2,0,2137,0.6682307479988959,0.5898426718189346,16193,13908,18696,0.5379555496495133,0.4641290951302703,0.2964719236895586,370.9629713520408,6.10870361328125
genome_autosomes_signal,epykit_original,dmr_80,genome_baseline,True,689,2893,3623,0.1901738890422302,0.2381610784652609,0.2114794352363413,1.0,84.74600870827285,79.8955007256894,78,2,0,2137,0.8098261109577698,0.5898426718189346,16193,13908,18696,0.5379555496495133,0.4641290951302703,0.2964719236895586,370.9629713520408,6.10870361328125
genome_autosomes_signal,epykit_region_fix,dmr,default_search_by_20261007,True,891,2893,980,0.9091836734693878,0.3079847908745247,0.4601084430673896,1.0,189.41414141414143,182.334455667789,28,2,0,0,0.0908163265306122,0.0,12916,668,21973,0.9508244994110718,0.3702026426667431,0.2364744869001629,375.9085353147239,6.144252777099609
genome_autosomes_signal,epykit_region_fix,dmr_80,default_search_by_20261007,True,587,2893,980,0.5989795918367347,0.202903560318009,0.303124193131939,1.0,83.79216354344122,78.29982964224872,28,2,0,0,0.4010204081632653,0.0,12916,668,21973,0.9508244994110718,0.3702026426667431,0.2364744869001629,375.9085353147239,6.144252777099609
genome_autosomes_signal,epykit_beta_binomial,dmr,beta_binomial_20261007_full,False,779,2893,853,0.9132473622508792,0.2692706533010715,0.4159103043246129,1.0,160.77150192554558,158.2413350449294,20,2,0,0,0.0867526377491207,0.0,11627,303,23262,0.974601844090528,0.333256900455731,0.2128746406927992,3539.102254467085,6.1332550048828125
genome_autosomes_signal,epykit_beta_binomial,dmr_80,beta_binomial_20261007_full,False,558,2893,853,0.6541617819460727,0.1928793639820255,0.2979177789642285,1.0,71.57168458781362,75.25089605734767,20,2,0,0,0.3458382180539273,0.0,11627,303,23262,0.974601844090528,0.333256900455731,0.2128746406927992,3539.102254467085,6.1332550048828125
genome_autosomes_signal,DSS,dmr,genome_baseline,True,1020,2893,1816,0.5616740088105727,0.3525751814725198,0.4332129963898917,1.0,242.99117647058824,261.74411764705883,157,4,0,128,0.4383259911894273,0.0704845814977973,16728,5810,18161,0.7422131511225486,0.4794634411992318,0.3062670499276808,3010.682572878897,22.40384292602539
genome_autosomes_signal,DSS,dmr_80,genome_baseline,True,363,2893,1816,0.1998898678414097,0.1254752851711026,0.154172860479932,1.0,169.61157024793388,144.6556473829201,157,4,0,128,0.8001101321585903,0.0704845814977973,16728,5810,18161,0.7422131511225486,0.4794634411992318,0.3062670499276808,3010.682572878897,22.40384292602539
genome_autosomes_signal,methylKit,dmr,genome_baseline,True,513,2893,4315,0.1188876013904982,0.1773245765641203,0.1423418423973363,1.0,349.5925925925926,331.233918128655,97,5,0,3356,0.8811123986095017,0.7777520278099652,10581,28361,24308,0.2717117764881105,0.3032761042162286,0.1937237957487321,10733.258472537622,35.59562301635742
genome_autosomes_signal,methylKit,dmr_80,genome_baseline,True,136,2893,4315,0.0315179606025492,0.0470100241963359,0.0377358490566037,1.0,215.77205882352945,239.41176470588235,97,5,0,3356,0.9684820393974508,0.7777520278099652,10581,28361,24308,0.2717117764881105,0.3032761042162286,0.1937237957487321,10733.258472537622,35.59562301635742
genome_autosomes_signal,BSmooth,dmr,genome_baseline,True,547,2893,1300,0.4207692307692308,0.1890770826132042,0.2609110422132125,1.0,330.81535648994515,330.15904936014624,212,2,0,219,0.5792307692307692,0.1684615384615384,11333,2210,23556,0.8368160673410618,0.3248301757000774,0.2074918984236254,7640.582038296387,17.572757720947266
genome_autosomes_signal,BSmooth,dmr_80,genome_baseline,True,189,2893,1300,0.1453846153846154,0.0653301071552022,0.0901502504173622,1.0,164.67724867724868,198.54497354497357,212,2,0,219,0.8546153846153847,0.1684615384615384,11333,2210,23556,0.8368160673410618,0.3248301757000774,0.2074918984236254,7640.582038296387,17.572757720947266
genome_autosomes_signal,dmrseq,dmr,genome_baseline,True,1213,2893,1448,0.837707182320442,0.4192879363982025,0.5588574061276204,1.0,262.8095630667766,256.97691673536684,3,0,0,56,0.162292817679558,0.0386740331491712,15628,999,19261,0.9399170024658688,0.4479348791882828,0.2861275380362145,29105.360476000234,11.619979858398438
genome_autosomes_signal,dmrseq,dmr_80,genome_baseline,True,407,2893,1448,0.2810773480662983,0.1406844106463878,0.1875143976042386,1.0,169.1965601965602,175.07125307125307,3,0,0,56,0.7189226519337016,0.0386740331491712,15628,999,19261,0.9399170024658688,0.4479348791882828,0.2861275380362145,29105.360476000234,11.619979858398438
genome_autosomes_signal,DMRcate,dmr,genome_baseline,True,0,2893,1,0.0,0.0,0.0,,,,0,0,0,0,1.0,0.0,9,0,34880,1.0,0.0002579609619077,0.0001647778245665,660.8423345424235,32.05256271362305
genome_autosomes_signal,DMRcate,dmr_80,genome_baseline,True,0,2893,1,0.0,0.0,0.0,,,,0,0,0,0,1.0,0.0,9,0,34880,1.0,0.0002579609619077,0.0001647778245665,660.8423345424235,32.05256271362305
genome_autosomes_null,epykit_original,dmr,genome_baseline,True,0,0,1869,0.0,,0.0,,,,0,0,0,1869,1.0,1.0,0,11171,0,0.0,,,363.43119972758,6.121383666992188
genome_autosomes_null,epykit_original,dmr_80,genome_baseline,True,0,0,1869,0.0,,0.0,,,,0,0,0,1869,1.0,1.0,0,11171,0,0.0,,,363.43119972758,6.121383666992188
genome_autosomes_null,epykit_region_fix,dmr,default_search_by_20261007,True,0,0,0,,,,,,,0,0,0,0,,0.0,0,0,0,,,,373.3485025502741,6.1203460693359375
genome_autosomes_null,epykit_region_fix,dmr_80,default_search_by_20261007,True,0,0,0,,,,,,,0,0,0,0,,0.0,0,0,0,,,,373.3485025502741,6.1203460693359375
genome_autosomes_null,epykit_beta_binomial,dmr,beta_binomial_20261007_full,False,0,0,0,,,,,,,0,0,0,0,,0.0,0,0,0,,,,3349.75993270427,6.104877471923828
genome_autosomes_null,epykit_beta_binomial,dmr_80,beta_binomial_20261007_full,False,0,0,0,,,,,,,0,0,0,0,,0.0,0,0,0,,,,3349.75993270427,6.104877471923828
genome_autosomes_null,DSS,dmr,genome_baseline,True,0,0,73,0.0,,0.0,,,,0,0,0,73,1.0,1.0,0,332,0,0.0,,,2990.8666664566845,22.46441650390625
genome_autosomes_null,DSS,dmr_80,genome_baseline,True,0,0,73,0.0,,0.0,,,,0,0,0,73,1.0,1.0,0,332,0,0.0,,,2990.8666664566845,22.46441650390625
genome_autosomes_null,methylKit,dmr,genome_baseline,True,0,0,3047,0.0,,0.0,,,,0,0,0,3047,1.0,1.0,0,18036,0,0.0,,,10765.614854307843,35.53910827636719
genome_autosomes_null,methylKit,dmr_80,genome_baseline,True,0,0,3047,0.0,,0.0,,,,0,0,0,3047,1.0,1.0,0,18036,0,0.0,,,10765.614854307843,35.53910827636719
genome_autosomes_null,BSmooth,dmr,genome_baseline,True,0,0,193,0.0,,0.0,,,,0,0,0,193,1.0,1.0,0,795,0,0.0,,,7657.5428626108915,16.770404815673828
genome_autosomes_null,BSmooth,dmr_80,genome_baseline,True,0,0,193,0.0,,0.0,,,,0,0,0,193,1.0,1.0,0,795,0,0.0,,,7657.5428626108915,16.770404815673828
genome_autosomes_null,dmrseq,dmr,genome_baseline,True,0,0,0,,,,,,,0,0,0,0,,0.0,0,0,0,,,,28849.983258759603,11.552440643310549
genome_autosomes_null,dmrseq,dmr_80,genome_baseline,True,0,0,0,,,,,,,0,0,0,0,,0.0,0,0,0,,,,28849.983258759603,11.552440643310549
genome_autosomes_null,DMRcate,dmr,genome_baseline,True,0,0,0,,,,,,,0,0,0,0,,0.0,0,0,0,,,,656.8876039534807,31.98786163330078
genome_autosomes_null,DMRcate,dmr_80,genome_baseline,True,0,0,0,,,,,,,0,0,0,0,,0.0,0,0,0,,,,656.8876039534807,31.98786163330078
