tool,dataset,read_filter_s,dml_s,dmr_s
epykit_original,genome_autosomes_signal,184.09496547840536,112.05783570930362,73.9518907405436
epykit_original,genome_autosomes_null,177.17508348450065,109.59606346487999,75.67751408740878
epykit_original,real,90.36679380573332,143.68778448924422,20.740707010030746
epykit_region_fix,genome_autosomes_signal,181.8424259312451,113.90399467200041,79.2113289795816
epykit_region_fix,genome_autosomes_null,182.56818961910903,113.89723833277822,75.93920401111245
epykit_region_fix,real,73.8652885556221,151.35412628389895,21.413706628605723
epykit_beta_binomial,genome_autosomes_signal,182.47800037637353,3319.1707101128995,36.251517532393336
epykit_beta_binomial,genome_autosomes_null,176.5415097475052,3139.1297953277826,32.939111372455955
epykit_beta_binomial,real,70.31584880314767,2394.3888952173293,21.647937059402466
