replicates_per_group,reference_denominator_df,lr_statistic,chi2_reference_p,F_reference_p,F_to_chi2_p_ratio
2,2,10.0,0.001565402258002549,0.08712907082472315,55.65922137859934
2,2,20.0,7.744216431044088e-06,0.0465374107544077,6009.3117449370475
2,2,30.0,4.3204630578274955e-08,0.031754163448145786,734971.2987503953
2,2,50.0,1.537459794428033e-12,0.019419324309079847,12630785129.769354
3,4,10.0,0.001565402258002549,0.03410942316740963,21.789557919082856
3,4,20.0,7.744216431044088e-06,0.011056493393450073,1427.709761458645
3,4,30.0,4.3204630578274955e-08,0.0054084788647625745,125182.85175390847
3,4,50.0,1.537459794428033e-12,0.002110645845091271,1372813684.4557128
5,8,10.0,0.001565402258002549,0.013349063426018723,8.52756111585792
5,8,20.0,7.744216431044088e-06,0.0020773377112267813,268.243757095863
5,8,30.0,4.3204630578274955e-08,0.0005893879768047376,13641.777951021431
5,8,50.0,1.537459794428033e-12,0.00010495362247997345,68264303.7953512
10,18,10.0,0.001565402258002549,0.005391156430456604,3.443943180033298
10,18,20.0,7.744216431044088e-06,0.00029456415536660086,38.03666361722373
10,18,30.0,4.3204630578274955e-08,3.3447782269730235e-05,774.1712363245883
10,18,50.0,1.537459794428033e-12,1.35641376000108e-06,882243.4023425595
