label,method,tp,fp,fdp,recall,fpr05,fpr001,fpr1e5,AP,seconds
n5_d20_imbTrue_assocFalse_signalFalse,CR_posterior_tail,0,0,0.0,,0.043666666666666666,0.0005333333333333334,3.3333333333333335e-05,,26.039602449163795
n5_d20_imbTrue_assocFalse_signalFalse,count_posterior_tail,0,0,0.0,,0.04516666666666667,0.0006333333333333333,3.3333333333333335e-05,,26.04058833606541
n5_d20_imbTrue_assocFalse_signalTrue,CR_posterior_tail,0,0,0.0,0.0,0.04266917925766396,0.0009758723962714945,0.0,0.3328486615738466,24.35867276415229
n5_d20_imbTrue_assocFalse_signalTrue,count_posterior_tail,0,0,0.0,0.0,0.043678702426220684,0.0010768247131271664,0.0,0.3316061579903733,24.362764799967408
n5_d60_imbTrue_assocFalse_signalFalse,CR_posterior_tail,0,0,0.0,,0.042466666666666666,0.0007666666666666667,0.0,,43.86054713279009
n5_d60_imbTrue_assocFalse_signalFalse,count_posterior_tail,0,0,0.0,,0.04136666666666667,0.0007,0.0,,43.86148501932621
n5_d60_imbTrue_assocFalse_signalTrue,CR_posterior_tail,51,3,0.05555555555555555,0.16293929712460065,0.04119648330919257,0.0010779128911644828,0.0,0.5544083045407024,44.17510771751404
n5_d60_imbTrue_assocFalse_signalTrue,count_posterior_tail,49,3,0.057692307692307696,0.15654952076677317,0.03964698352814363,0.001178967224711153,0.0,0.5511569671219341,44.17929248325527
n10_d20_imbTrue_assocFalse_signalFalse,CR_posterior_tail,0,0,0.0,,0.043,0.0004,3.3333333333333335e-05,,46.13238939270377
n10_d20_imbTrue_assocFalse_signalFalse,count_posterior_tail,0,0,0.0,,0.041633333333333335,0.00036666666666666667,3.3333333333333335e-05,,46.13339717499912
n10_d20_imbTrue_assocFalse_signalTrue,CR_posterior_tail,116,4,0.03333333333333333,0.39057239057239057,0.04191495808504191,0.0006733326600006734,3.366663300003367e-05,0.6890685119947992,46.21657343953848
n10_d20_imbTrue_assocFalse_signalTrue,count_posterior_tail,116,4,0.03333333333333333,0.39057239057239057,0.041005958994041004,0.000605999394000606,3.366663300003367e-05,0.6926425135491926,46.220789121463895
n5_d20_imbTrue_assocTrue_signalFalse,CR_posterior_tail,0,0,0.0,,0.037066666666666664,0.0006666666666666666,0.0,,23.703213265165687
n5_d20_imbTrue_assocTrue_signalFalse,count_posterior_tail,0,0,0.0,,0.036333333333333336,0.0006333333333333333,0.0,,23.704104252159595
n5_d20_imbTrue_assocTrue_signalTrue,CR_posterior_tail,12,0,0.0,0.03669724770642202,0.034947595457149594,0.0004381087183634954,0.0,0.5396975365044095,23.831852620467544
n5_d20_imbTrue_assocTrue_signalTrue,count_posterior_tail,13,0,0.0,0.039755351681957186,0.034644289421359484,0.0004381087183634954,0.0,0.5445877481910967,23.83589152060449
