chrom	pos	strand	n_case	n_control	mean_beta_case	mean_beta_control	pvalue	log2_odds_ratio_pooled	log2_odds_ratio	meth_diff	meth_diff_ci_lo	meth_diff_ci_hi	qvalue	reject
chr22	20425707	*	5	5	0.0	0.44919786	4.309017994617989e-10	-19.637384022223955	NaN	-0.44919786	-0.5848006	-0.30353403	0.00015122153930672265	true
chr22	49099661	*	5	5	0.5182482	1.0	3.7041546304640385e-8	-19.826214126440696	NaN	-0.4817518	-0.6364094	-0.30318257	0.006499717171621553	true
chr22	20425903	*	5	5	0.0	0.3836478	1.0597097642766812e-7	-19.24759462007609	NaN	-0.3836478	-0.5325517	-0.23292784	0.010322231962063947	true
chr22	40218547	*	5	5	1.0	0.5971223	1.1765171409593546e-7	19.363882617297605	NaN	0.4028777	0.24194309	0.56127	0.010322231962063947	true
chr22	21032541	*	5	5	0.39583334	0.0	3.21587027986217e-7	19.321513644944424	NaN	0.39583334	0.23395671	0.5517898	0.018809732462589827	true
chr22	30688418	*	5	5	0.4587156	1.0	3.1665714542941134e-7	-20.170353986174042	NaN	-0.54128444	-0.7055717	-0.3258083	0.018809732462589827	true
chr22	22763520	*	5	5	0.5538462	1.0	6.202857387393804e-7	-19.619623120272184	NaN	-0.44615382	-0.6073337	-0.26178798	0.027210539715584455	true
chr22	24952370	*	5	5	0.0	0.31343284	6.083819209104725e-7	-18.80032259335016	NaN	-0.31343284	-0.4453556	-0.18363762	0.027210539715584455	true
chr22	45335806	*	5	5	0.6564417	1.0	9.007428119758875e-7	-18.997455062243382	NaN	-0.3435583	-0.4909121	-0.19716705	0.0351231648800491	true
chr22	29515592	*	5	5	0.4952381	1.0	1.0056771095011983e-6	-19.959047863009033	NaN	-0.50476193	-0.6765579	-0.29130137	0.035293433616256954	true
chr22	26573357	*	5	5	0.0	0.32298136	1.18919386396087e-6	-18.863822519992578	NaN	-0.32298136	-0.47102287	-0.18203649	0.03793119834387011	true
chr22	40564008	*	5	5	0.28780487	0.97512436	1.2970074260887594e-6	-6.599963258746022	NaN	-0.6873195	-0.80258447	-0.5085976	0.03793119834387011	true
chr22	26238300	*	5	5	1.0	0.6761364	1.735325381683076e-6	18.869639377443725	NaN	0.32386363	0.18281153	0.46535355	0.04349989714990157	true
chr22	46027439	*	5	5	0.2882883	0.0	1.637440483226482e-6	18.627786378451308	NaN	0.2882883	0.16467844	0.41262996	0.04349989714990157	true
