chrom	start	end	n_cpgs	n_significant	mean_meth_diff	combined_pvalue	dmr_type	combined_qvalue	combined_qvalue_reject
chr22	11036150	11036535	6	3	0.081724524	0.006201968970213018	hyper	0.01673089303592349	true
chr22	20016802	20016854	5	4	0.17860238	3.074885361742789e-8	hyper	2.2292918872635218e-7	true
chr22	20021192	20021369	6	6	0.20249589	1.2127712892964064e-8	hyper	9.378764637225542e-8	true
chr22	20142948	20143171	8	4	-0.07525768	0.0060889737732667554	hypo	0.01673089303592349	true
chr22	24444673	24445395	8	5	-0.2775545	5.901287893915074e-10	hypo	7.606104396601651e-9	true
chr22	24532008	24532304	5	3	0.110947646	0.00013223349343365366	hyper	0.0006391285515959927	true
chr22	24724591	24724732	6	3	0.09439003	0.005166662144195829	hyper	0.014983320218167902	true
chr22	26573357	26573831	5	3	-0.19190513	0.0006058045172428673	hypo	0.0022668814193604067	true
chr22	27122159	27122454	6	3	0.14606334	0.003063050231365033	hyper	0.009110610944572918	true
chr22	29515548	29516121	6	5	-0.2889818	2.068187629604271e-9	hypo	1.9992480419507955e-8	true
chr22	30490618	30491331	5	3	0.14189251	0.0014384322699296046	hyper	0.004767375523195261	true
chr22	31489307	31489398	8	6	0.20538095	3.624145936115996e-9	hyper	3.2338532968419656e-8	true
chr22	31880582	31882143	21	11	-0.20579048	8.315316370974389e-18	hypo	4.822883495165145e-16	true
chr22	34929604	34930184	7	4	-0.11530244	0.00893577740941465	hypo	0.023034448433157766	true
chr22	35615600	35615933	6	3	-0.15931673	0.0006372769665957574	hypo	0.0023101290039096206	true
chr22	35856900	35857233	8	6	-0.24867354	5.019342502264424e-10	hypo	7.278046628283415e-9	true
chr22	36567710	36568137	5	3	-0.14945653	0.0006897110238502633	hypo	0.0023531317284303105	true
chr22	36776379	36776558	8	7	0.16613126	9.395711340008387e-10	hyper	1.0899025154409727e-8	true
chr22	36835556	36836132	7	5	-0.23958322	3.486215024108944e-8	hypo	2.3788290752743383e-7	true
chr22	36919091	36919599	6	4	0.15443595	0.00010142838417915518	hyper	0.00051906211978379	true
chr22	37716907	37718005	23	12	-0.2038053	7.561443338100126e-14	hypo	1.754254854439229e-12	true
chr22	38100521	38101316	6	3	0.06554226	0.016366092736122276	hyper	0.04039290973170605	true
chr22	38125466	38125610	5	3	0.13722306	0.00035918919019070134	hyper	0.0015431831874859762	true
chr22	38777008	38777161	5	3	0.09084091	0.005892697206618119	hyper	0.0166720213650659	true
chr22	39323934	39324125	8	6	-0.25450876	1.6455898068644932e-9	hypo	1.7353492508752838e-8	true
chr22	39324928	39325305	9	6	-0.20800965	8.292153106162762e-9	hypo	6.870641145106289e-8	true
chr22	39649910	39650098	6	3	-0.14006428	0.00860566249288035	hypo	0.022687655663048194	true
chr22	39938373	39938725	5	3	-0.19466525	0.00027579634683043273	hypo	0.0012304760089357767	true
chr22	40171970	40172471	6	4	-0.22867401	4.470422355725332e-7	hypo	2.729310490863887e-6	true
chr22	40733369	40733606	5	3	0.16414282	0.00017865001330716682	hyper	0.000828936061745254	true
chr22	42456628	42458084	26	18	-0.2839842	4.525204712215302e-25	hypo	5.2492374661697507e-23	true
chr22	44861669	44861908	5	3	0.23271906	0.00046032326470291687	hyper	0.0018412930588116675	true
chr22	44868398	44868706	9	6	-0.25246358	4.67162066714739e-11	hypo	7.741542819844246e-10	true
chr22	45335225	45335912	17	11	-0.25198808	2.6053666995015667e-17	hypo	1.0074084571406058e-15	true
chr22	45601836	45602218	5	3	0.104218766	0.002094918090133988	hyper	0.006567851309609259	true
chr22	46059102	46059307	5	3	0.07570182	0.0028017632482533424	hyper	0.00855275096835231	true
chr22	46231500	46232064	16	11	-0.16196677	3.552242349707657e-16	hypo	1.0301502814152206e-14	true
chr22	46257527	46258516	14	7	-0.205693	2.3069358947266546e-7	hypo	1.4866920210460662e-6	true
chr22	46296147	46296483	6	3	-0.13332649	0.00010291748926747562	hypo	0.00051906211978379	true
chr22	46846717	46846932	5	3	0.15910885	0.002029800636266337	hyper	0.006540468716858197	true
chr22	47961273	47961417	6	3	0.0836137	0.013361497328715813	hyper	0.03369421065502248	true
chr22	48052710	48052899	6	3	-0.12631041	0.0006799668077335999	hypo	0.0023531317284303105	true
chr22	49146382	49147172	8	4	-0.1951204	0.00002280101025992782	hypo	0.00012594843762626795	true
chr22	49262175	49262331	5	3	0.16432934	0.0004363760932689356	hyper	0.0018078438149713044	true
chr22	50256405	50256830	5	3	-0.15257028	0.0005934104571103357	hypo	0.0022668814193604067	true
chr22	50295885	50296468	10	5	-0.25537807	5.734192678995578e-7	hypo	3.325831753817435e-6	true
chr22	50711150	50711455	12	6	-0.23291211	9.837959232221102e-13	hypo	1.9020054515627463e-11	true
