chrom	start	end	n_cpgs	n_significant	mean_meth_diff	combined_pvalue	dmr_type	combined_qvalue	combined_qvalue_reject	position_screen_qvalue
chr22	20016802	20016854	5	5	0.17860238	5.303758843564692e-11	hyper	0.001664587658134206	True	0.001664587658134206
chr22	20021192	20021369	6	5	0.20249589	5.353037881028351e-12	hyper	0.0021836258380848695	True	0.0021836258380848695
chr22	23727731	23728310	7	4	-0.26107344	1.965488790208257e-07	hypo	0.010537621387414686	True	0.010537621387414686
chr22	24444404	24445395	9	9	-0.26401928	1.4713611458404748e-14	hypo	0.0024599643838415382	True	0.0024599643838415382
chr22	24503041	24503864	5	4	-0.29508767	2.441759117100793e-06	hypo	0.04247413236312487	True	0.04247413236312487
chr22	26595342	26595533	8	5	-0.17503357	3.6454600110918676e-08	hypo	0.04630320276401638	True	0.04630320276401638
chr22	28739940	28741290	24	12	-0.14280416	1.902532685723615e-16	hypo	0.0024599643838415382	True	0.0024599643838415382
chr22	29514767	29516121	14	8	-0.2371486	3.4803473835273975e-17	hypo	0.0014370911119340182	True	0.0014370911119340182
chr22	30688418	30689062	10	5	-0.21619435	1.4041173176559617e-12	hypo	0.013518477302905509	True	0.013518477302905509
chr22	31489307	31489398	8	8	0.20538095	4.637449355302613e-16	hyper	0.002169040975748443	True	0.002169040975748443
chr22	31880582	31882265	22	15	-0.207502	2.921605808419184e-23	hypo	0.0024599643838415382	True	0.0024599643838415382
chr22	35856803	35857233	11	9	-0.22800931	3.927191852040363e-17	hypo	0.004022632136765232	True	0.004022632136765232
chr22	36835556	36836132	7	6	-0.23958322	3.9167974861179725e-09	hypo	0.0212896679319973	True	0.0212896679319973
chr22	37716907	37718005	23	17	-0.2038053	2.8153319861203884e-20	hypo	0.004022632136765232	True	0.004022632136765232
chr22	39323934	39324179	10	9	-0.2476066	3.169151841898308e-15	hypo	0.004070689255119135	True	0.004070689255119135
chr22	39324928	39325305	9	6	-0.20800965	3.2210542843240525e-12	hypo	0.003405627410463633	True	0.003405627410463633
chr22	40171970	40172471	6	6	-0.22867401	3.61608450210636e-10	hypo	0.014043713431953011	True	0.014043713431953011
chr22	40562123	40562195	8	5	-0.19669297	7.971754991963964e-10	hypo	0.001664587658134206	True	0.001664587658134206
chr22	40564008	40564840	16	11	-0.1847014	1.2000486546664486e-22	hypo	0.001377312459080664	True	0.001377312459080664
chr22	42456628	42458084	26	17	-0.2839842	2.636728575426104e-30	hypo	0.004070689255119135	True	0.004070689255119135
chr22	42565126	42565450	17	14	-0.2080731	1.2593691531736628e-24	hypo	0.0021836258380848695	True	0.0021836258380848695
chr22	43392029	43393012	10	6	-0.2672363	4.453221502217094e-11	hypo	0.03939370992295177	True	0.03939370992295177
chr22	44172604	44172932	8	4	0.047766842	0.0138724331067051	hyper	0.0411792224851668	True	0.03471646929882605
chr22	44868398	44868706	9	8	-0.25246358	3.428123452331248e-14	hypo	0.004022632136765232	True	0.004022632136765232
chr22	45335216	45335947	19	15	-0.23798238	6.995902891042049e-34	hypo	0.002169040975748443	True	0.002169040975748443
chr22	46231500	46232368	19	16	-0.16426364	1.2060941858741923e-32	hypo	0.002169040975748443	True	0.002169040975748443
chr22	47618685	47618859	5	5	-0.23559657	1.391477693930905e-07	hypo	0.022964032848754895	True	0.022964032848754895
chr22	49099235	49100539	21	12	-0.17900752	1.3800685388981697e-13	hypo	0.026681852184635164	True	0.026681852184635164
chr22	49255549	49256719	20	11	-0.1679248	6.912031535812549e-11	hypo	0.02902258852994025	True	0.02902258852994025
chr22	49671832	49672300	10	5	-0.30946845	1.4673611237811456e-09	hypo	0.014846516995843858	True	0.014846516995843858
chr22	50586424	50587009	9	7	-0.17505729	2.026921750879857e-13	hypo	0.023071589489741733	True	0.023071589489741733
chr22	50711150	50711455	12	10	-0.23291211	2.5223840214403302e-20	hypo	0.001664587658134206	True	0.001664587658134206
