dataset,dimension,stratum,sites,positive_sites,calls,tp,fp,raw_p_lt_05,recall,false_positive_site_rate
null,coverage_bin,"(-0.001, 5.0]",8436,0,0,0,0,18,,0.0
null,coverage_bin,"(10.0, 20.0]",6012912,0,3,0,3,255346,,4.989263105796326e-07
null,coverage_bin,"(20.0, 40.0]",8803132,0,172,0,172,612948,,1.953850061546277e-05
null,coverage_bin,"(40.0, 80.0]",732103,0,62,0,62,70026,,8.468753713616799e-05
null,coverage_bin,"(5.0, 10.0]",503208,0,0,0,0,9486,,0.0
null,coverage_bin,"(80.0, inf]",10606,0,2,0,2,1780,,0.00018857250612860644
null,mu_bin,"(-0.001, 0.05]",778746,0,16,0,16,13818,,2.0545851920908744e-05
null,mu_bin,"(0.05, 0.2]",265466,0,90,0,90,33816,,0.0003390264666661644
null,mu_bin,"(0.2, 0.8]",2289721,0,19,0,19,227619,,8.297954204900946e-06
null,mu_bin,"(0.8, 0.95]",8708012,0,114,0,114,632844,,1.309139215701586e-05
null,mu_bin,"(0.95, 1.0]",4028452,0,0,0,0,41507,,0.0
null,tau_bin,"(-0.001, 0.02]",1459220,0,0,0,0,556,,0.0
null,tau_bin,"(0.02, 0.05]",1673777,0,0,0,0,7984,,0.0
null,tau_bin,"(0.05, 0.1]",1536223,0,0,0,0,32968,,0.0
null,tau_bin,"(0.1, 0.2]",3523744,0,15,0,15,193635,,4.256835910894776e-06
null,tau_bin,"(0.2, 0.5]",7877433,0,224,0,224,714461,,2.8435659179836883e-05
signal,coverage_bin,"(-0.001, 5.0]",8431,23,0,0,0,18,0.0,0.0
signal,coverage_bin,"(10.0, 20.0]",6012541,10776,10,4,6,259907,0.0003711952487008166,9.997059198419132e-07
signal,coverage_bin,"(20.0, 40.0]",8803494,21285,266,56,210,625313,0.002630960770495654,2.3911979320920282e-05
signal,coverage_bin,"(40.0, 80.0]",732179,1974,118,15,103,71008,0.007598784194528876,0.00014105627871625092
signal,coverage_bin,"(5.0, 10.0]",503738,804,0,0,0,9661,0.0,0.0
signal,coverage_bin,"(80.0, inf]",10606,27,4,0,4,1763,0.0,0.0003781075716041214
signal,mu_bin,"(-0.001, 0.05]",778797,2955,41,18,23,16086,0.006091370558375634,2.9645211267242556e-05
signal,mu_bin,"(0.05, 0.2]",265517,934,127,15,112,34017,0.016059957173447537,0.0004233076199151117
signal,mu_bin,"(0.2, 0.8]",2289964,4504,35,4,31,230158,0.0008880994671403197,1.3564008996000806e-05
signal,mu_bin,"(0.8, 0.95]",8708273,17123,195,38,157,640801,0.0022192372831863574,1.8064352818671866e-05
signal,mu_bin,"(0.95, 1.0]",4028438,9373,0,0,0,46608,0.0,0.0
signal,tau_bin,"(-0.001, 0.02]",1459097,4345,1,1,0,3897,0.00023014959723820482,0.0
signal,tau_bin,"(0.02, 0.05]",1673802,3995,0,0,0,10151,0.0,0.0
signal,tau_bin,"(0.05, 0.1]",1536306,3513,0,0,0,34812,0.0,0.0
signal,tau_bin,"(0.1, 0.2]",3524460,7535,37,17,20,196680,0.0022561380225613803,5.6867860417836605e-06
signal,tau_bin,"(0.2, 0.5]",7877324,15501,360,57,303,722130,0.0036771821172827557,3.854067943274734e-05
